<<<<<<< Updated upstream
[2026-01-09 03:08:57] local.ERROR: SQLSTATE[HY000] [1049] Unknown database 'v_store' (Connection: mysql, Host: 127.0.0.1, Port: 3306, Database: v_store, SQL: select * from `sessions` where `id` = A8nYTeEwnIGeqyb5TWZJm9OKRSnJfu31rJ8SDT2s limit 1) {"exception":"[object] (Illuminate\\Database\\QueryException(code: 1049): SQLSTATE[HY000] [1049] Unknown database 'v_store' (Connection: mysql, Host: 127.0.0.1, Port: 3306, Database: v_store, SQL: select * from `sessions` where `id` = A8nYTeEwnIGeqyb5TWZJm9OKRSnJfu31rJ8SDT2s limit 1) at E:/SQL_EXAM/SEM1_T2508M_Test/vendor/laravel/framework/src/Illuminate/Database/Connection.php:831)
[stacktrace]
#0 E:/SQL_EXAM/SEM1_T2508M_Test/vendor/laravel/framework/src/Illuminate/Database/Connection.php(787): Illuminate/Database/Connection->runQueryCallback('select * from `...', Array, Object(Closure))
#1 E:/SQL_EXAM/SEM1_T2508M_Test/vendor/laravel/framework/src/Illuminate/Database/Connection.php(404): Illuminate/Database/Connection->run('select * from `...', Array, Object(Closure))
#2 E:/SQL_EXAM/SEM1_T2508M_Test/vendor/laravel/framework/src/Illuminate/Database/Query/Builder.php(3232): Illuminate/Database/Connection->select('select * from `...', Array, false)
#3 E:/SQL_EXAM/SEM1_T2508M_Test/vendor/laravel/framework/src/Illuminate/Database/Query/Builder.php(3217): Illuminate/Database/Query/Builder->runSelect()
#4 E:/SQL_EXAM/SEM1_T2508M_Test/vendor/laravel/framework/src/Illuminate/Database/Query/Builder.php(3807): Illuminate/Database/Query/Builder->Illuminate/Database/Query/{closure}()
#5 E:/SQL_EXAM/SEM1_T2508M_Test/vendor/laravel/framework/src/Illuminate/Database/Query/Builder.php(3216): Illuminate/Database/Query/Builder->onceWithColumns(Array, Object(Closure))
#6 E:/SQL_EXAM/SEM1_T2508M_Test/vendor/laravel/framework/src/Illuminate/Database/Concerns/BuildsQueries.php(366): Illuminate/Database/Query/Builder->get(Array)
#7 E:/SQL_EXAM/SEM1_T2508M_Test/vendor/laravel/framework/src/Illuminate/Database/Query/Builder.php(3139): Illuminate/Database/Query/Builder->first(Array)
#8 E:/SQL_EXAM/SEM1_T2508M_Test/vendor/laravel/framework/src/Illuminate/Session/DatabaseSessionHandler.php(96): Illuminate/Database/Query/Builder->find('A8nYTeEwnIGeqyb...')
#9 E:/SQL_EXAM/SEM1_T2508M_Test/vendor/laravel/framework/src/Illuminate/Session/Store.php(126): Illuminate/Session/DatabaseSessionHandler->read('A8nYTeEwnIGeqyb...')
#10 E:/SQL_EXAM/SEM1_T2508M_Test/vendor/laravel/framework/src/Illuminate/Session/Store.php(114): Illuminate/Session/Store->readFromHandler()
#11 E:/SQL_EXAM/SEM1_T2508M_Test/vendor/laravel/framework/src/Illuminate/Session/Store.php(98): Illuminate/Session/Store->loadSession()
#12 E:/SQL_EXAM/SEM1_T2508M_Test/vendor/laravel/framework/src/Illuminate/Session/Middleware/StartSession.php(146): Illuminate/Session/Store->start()
#13 E:/SQL_EXAM/SEM1_T2508M_Test/vendor/laravel/framework/src/Illuminate/Support/helpers.php(390): Illuminate/Session/Middleware/StartSession->Illuminate/Session/Middleware/{closure}(Object(Illuminate/Session/Store))
#14 E:/SQL_EXAM/SEM1_T2508M_Test/vendor/laravel/framework/src/Illuminate/Session/Middleware/StartSession.php(143): tap(Object(Illuminate/Session/Store), Object(Closure))
#15 E:/SQL_EXAM/SEM1_T2508M_Test/vendor/laravel/framework/src/Illuminate/Session/Middleware/StartSession.php(115): Illuminate/Session/Middleware/StartSession->startSession(Object(Illuminate/Http/Request), Object(Illuminate/Session/Store))
#16 E:/SQL_EXAM/SEM1_T2508M_Test/vendor/laravel/framework/src/Illuminate/Session/Middleware/StartSession.php(63): Illuminate/Session/Middleware/StartSession->handleStatefulRequest(Object(Illuminate/Http/Request), Object(Illuminate/Session/Store), Object(Closure))
#17 E:/SQL_EXAM/SEM1_T2508M_Test/vendor/laravel/framework/src/Illuminate/Pipeline/Pipeline.php(219): Illuminate/Session/Middleware/StartSession->handle(Object(Illuminate/Http/Request), Object(Closure))
#18 E:/SQL_EXAM/SEM1_T2508M_Test/vendor/laravel/framework/src/Illuminate/Cookie/Middleware/AddQueuedCookiesToResponse.php(36): Illuminate/Pipeline/Pipeline->Illuminate/Pipeline/{closure}(Object(Illuminate/Http/Request))
#19 E:/SQL_EXAM/SEM1_T2508M_Test/vendor/laravel/framework/src/Illuminate/Pipeline/Pipeline.php(219): Illuminate/Cookie/Middleware/AddQueuedCookiesToResponse->handle(Object(Illuminate/Http/Request), Object(Closure))
#20 E:/SQL_EXAM/SEM1_T2508M_Test/vendor/laravel/framework/src/Illuminate/Cookie/Middleware/EncryptCookies.php(74): Illuminate/Pipeline/Pipeline->Illuminate/Pipeline/{closure}(Object(Illuminate/Http/Request))
#21 E:/SQL_EXAM/SEM1_T2508M_Test/vendor/laravel/framework/src/Illuminate/Pipeline/Pipeline.php(219): Illuminate/Cookie/Middleware/EncryptCookies->handle(Object(Illuminate/Http/Request), Object(Closure))
#22 E:/SQL_EXAM/SEM1_T2508M_Test/vendor/laravel/framework/src/Illuminate/Pipeline/Pipeline.php(137): Illuminate/Pipeline/Pipeline->Illuminate/Pipeline/{closure}(Object(Illuminate/Http/Request))
#23 E:/SQL_EXAM/SEM1_T2508M_Test/vendor/laravel/framework/src/Illuminate/Routing/Router.php(821): Illuminate/Pipeline/Pipeline->then(Object(Closure))
#24 E:/SQL_EXAM/SEM1_T2508M_Test/vendor/laravel/framework/src/Illuminate/Routing/Router.php(800): Illuminate/Routing/Router->runRouteWithinStack(Object(Illuminate/Routing/Route), Object(Illuminate/Http/Request))
#25 E:/SQL_EXAM/SEM1_T2508M_Test/vendor/laravel/framework/src/Illuminate/Routing/Router.php(764): Illuminate/Routing/Router->runRoute(Object(Illuminate/Http/Request), Object(Illuminate/Routing/Route))
#26 E:/SQL_EXAM/SEM1_T2508M_Test/vendor/laravel/framework/src/Illuminate/Routing/Router.php(753): Illuminate/Routing/Router->dispatchToRoute(Object(Illuminate/Http/Request))
#27 E:/SQL_EXAM/SEM1_T2508M_Test/vendor/laravel/framework/src/Illuminate/Foundation/Http/Kernel.php(200): Illuminate/Routing/Router->dispatch(Object(Illuminate/Http/Request))
#28 E:/SQL_EXAM/SEM1_T2508M_Test/vendor/laravel/framework/src/Illuminate/Pipeline/Pipeline.php(180): Illuminate/Foundation/Http/Kernel->Illuminate/Foundation/Http/{closure}(Object(Illuminate/Http/Request))
#29 E:/SQL_EXAM/SEM1_T2508M_Test/vendor/laravel/framework/src/Illuminate/Foundation/Http/Middleware/TransformsRequest.php(21): Illuminate/Pipeline/Pipeline->Illuminate/Pipeline/{closure}(Object(Illuminate/Http/Request))
#30 E:/SQL_EXAM/SEM1_T2508M_Test/vendor/laravel/framework/src/Illuminate/Foundation/Http/Middleware/ConvertEmptyStringsToNull.php(31): Illuminate/Foundation/Http/Middleware/TransformsRequest->handle(Object(Illuminate/Http/Request), Object(Closure))
#31 E:/SQL_EXAM/SEM1_T2508M_Test/vendor/laravel/framework/src/Illuminate/Pipeline/Pipeline.php(219): Illuminate/Foundation/Http/Middleware/ConvertEmptyStringsToNull->handle(Object(Illuminate/Http/Request), Object(Closure))
#32 E:/SQL_EXAM/SEM1_T2508M_Test/vendor/laravel/framework/src/Illuminate/Foundation/Http/Middleware/TransformsRequest.php(21): Illuminate/Pipeline/Pipeline->Illuminate/Pipeline/{closure}(Object(Illuminate/Http/Request))
#33 E:/SQL_EXAM/SEM1_T2508M_Test/vendor/laravel/framework/src/Illuminate/Foundation/Http/Middleware/TrimStrings.php(51): Illuminate/Foundation/Http/Middleware/TransformsRequest->handle(Object(Illuminate/Http/Request), Object(Closure))
#34 E:/SQL_EXAM/SEM1_T2508M_Test/vendor/laravel/framework/src/Illuminate/Pipeline/Pipeline.php(219): Illuminate/Foundation/Http/Middleware/TrimStrings->handle(Object(Illuminate/Http/Request), Object(Closure))
#35 E:/SQL_EXAM/SEM1_T2508M_Test/vendor/laravel/framework/src/Illuminate/Http/Middleware/ValidatePostSize.php(27): Illuminate/Pipeline/Pipeline->Illuminate/Pipeline/{closure}(Object(Illuminate/Http/Request))
#36 E:/SQL_EXAM/SEM1_T2508M_Test/vendor/laravel/framework/src/Illuminate/Pipeline/Pipeline.php(219): Illuminate/Http/Middleware/ValidatePostSize->handle(Object(Illuminate/Http/Request), Object(Closure))
#37 E:/SQL_EXAM/SEM1_T2508M_Test/vendor/laravel/framework/src/Illuminate/Foundation/Http/Middleware/PreventRequestsDuringMaintenance.php(109): Illuminate/Pipeline/Pipeline->Illuminate/Pipeline/{closure}(Object(Illuminate/Http/Request))
#38 E:/SQL_EXAM/SEM1_T2508M_Test/vendor/laravel/framework/src/Illuminate/Pipeline/Pipeline.php(219): Illuminate/Foundation/Http/Middleware/PreventRequestsDuringMaintenance->handle(Object(Illuminate/Http/Request), Object(Closure))
#39 E:/SQL_EXAM/SEM1_T2508M_Test/vendor/laravel/framework/src/Illuminate/Http/Middleware/HandleCors.php(48): Illuminate/Pipeline/Pipeline->Illuminate/Pipeline/{closure}(Object(Illuminate/Http/Request))
#40 E:/SQL_EXAM/SEM1_T2508M_Test/vendor/laravel/framework/src/Illuminate/Pipeline/Pipeline.php(219): Illuminate/Http/Middleware/HandleCors->handle(Object(Illuminate/Http/Request), Object(Closure))
#41 E:/SQL_EXAM/SEM1_T2508M_Test/vendor/laravel/framework/src/Illuminate/Http/Middleware/TrustProxies.php(58): Illuminate/Pipeline/Pipeline->Illuminate/Pipeline/{closure}(Object(Illuminate/Http/Request))
#42 E:/SQL_EXAM/SEM1_T2508M_Test/vendor/laravel/framework/src/Illuminate/Pipeline/Pipeline.php(219): Illuminate/Http/Middleware/TrustProxies->handle(Object(Illuminate/Http/Request), Object(Closure))
#43 E:/SQL_EXAM/SEM1_T2508M_Test/vendor/laravel/framework/src/Illuminate/Foundation/Http/Middleware/InvokeDeferredCallbacks.php(22): Illuminate/Pipeline/Pipeline->Illuminate/Pipeline/{closure}(Object(Illuminate/Http/Request))
#44 E:/SQL_EXAM/SEM1_T2508M_Test/vendor/laravel/framework/src/Illuminate/Pipeline/Pipeline.php(219): Illuminate/Foundation/Http/Middleware/InvokeDeferredCallbacks->handle(Object(Illuminate/Http/Request), Object(Closure))
#45 E:/SQL_EXAM/SEM1_T2508M_Test/vendor/laravel/framework/src/Illuminate/Http/Middleware/ValidatePathEncoding.php(26): Illuminate/Pipeline/Pipeline->Illuminate/Pipeline/{closure}(Object(Illuminate/Http/Request))
#46 E:/SQL_EXAM/SEM1_T2508M_Test/vendor/laravel/framework/src/Illuminate/Pipeline/Pipeline.php(219): Illuminate/Http/Middleware/ValidatePathEncoding->handle(Object(Illuminate/Http/Request), Object(Closure))
#47 E:/SQL_EXAM/SEM1_T2508M_Test/vendor/laravel/framework/src/Illuminate/Pipeline/Pipeline.php(137): Illuminate/Pipeline/Pipeline->Illuminate/Pipeline/{closure}(Object(Illuminate/Http/Request))
#48 E:/SQL_EXAM/SEM1_T2508M_Test/vendor/laravel/framework/src/Illuminate/Foundation/Http/Kernel.php(175): Illuminate/Pipeline/Pipeline->then(Object(Closure))
#49 E:/SQL_EXAM/SEM1_T2508M_Test/vendor/laravel/framework/src/Illuminate/Foundation/Http/Kernel.php(144): Illuminate/Foundation/Http/Kernel->sendRequestThroughRouter(Object(Illuminate/Http/Request))
#50 E:/SQL_EXAM/SEM1_T2508M_Test/vendor/laravel/framework/src/Illuminate/Foundation/Application.php(1220): Illuminate/Foundation/Http/Kernel->handle(Object(Illuminate/Http/Request))
#51 E:/SQL_EXAM/SEM1_T2508M_Test/public/index.php(20): Illuminate/Foundation/Application->handleRequest(Object(Illuminate/Http/Request))
#52 E:/SQL_EXAM/SEM1_T2508M_Test/vendor/laravel/framework/src/Illuminate/Foundation/resources/server.php(23): require_once('E://SQL_EXAM//SEM...')
#53 {main}

[previous exception] [object] (PDOException(code: 1049): SQLSTATE[HY000] [1049] Unknown database 'v_store' at E:/SQL_EXAM/SEM1_T2508M_Test/vendor/laravel/framework/src/Illuminate/Database/Connectors/Connector.php:66)
[stacktrace]
#0 E:/SQL_EXAM/SEM1_T2508M_Test/vendor/laravel/framework/src/Illuminate/Database/Connectors/Connector.php(66): PDO->__construct('mysql:host=127....', 'root', Object(SensitiveParameterValue), Array)
#1 E:/SQL_EXAM/SEM1_T2508M_Test/vendor/laravel/framework/src/Illuminate/Database/Connectors/Connector.php(44): Illuminate/Database/Connectors/Connector->createPdoConnection('mysql:host=127....', 'root', Object(SensitiveParameterValue), Array)
#2 E:/SQL_EXAM/SEM1_T2508M_Test/vendor/laravel/framework/src/Illuminate/Database/Connectors/MySqlConnector.php(24): Illuminate/Database/Connectors/Connector->createConnection('mysql:host=127....', Array, Array)
#3 E:/SQL_EXAM/SEM1_T2508M_Test/vendor/laravel/framework/src/Illuminate/Database/Connectors/ConnectionFactory.php(184): Illuminate/Database/Connectors/MySqlConnector->connect(Array)
#4 [internal function]: Illuminate/Database/Connectors/ConnectionFactory->Illuminate/Database/Connectors/{closure}()
#5 E:/SQL_EXAM/SEM1_T2508M_Test/vendor/laravel/framework/src/Illuminate/Database/Connection.php(1250): call_user_func(Object(Closure))
#6 E:/SQL_EXAM/SEM1_T2508M_Test/vendor/laravel/framework/src/Illuminate/Database/Connection.php(518): Illuminate/Database/Connection->getPdo()
#7 E:/SQL_EXAM/SEM1_T2508M_Test/vendor/laravel/framework/src/Illuminate/Database/Connection.php(413): Illuminate/Database/Connection->getPdoForSelect(false)
#8 E:/SQL_EXAM/SEM1_T2508M_Test/vendor/laravel/framework/src/Illuminate/Database/Connection.php(820): Illuminate/Database/Connection->Illuminate/Database/{closure}('select * from `...', Array)
#9 E:/SQL_EXAM/SEM1_T2508M_Test/vendor/laravel/framework/src/Illuminate/Database/Connection.php(787): Illuminate/Database/Connection->runQueryCallback('select * from `...', Array, Object(Closure))
#10 E:/SQL_EXAM/SEM1_T2508M_Test/vendor/laravel/framework/src/Illuminate/Database/Connection.php(404): Illuminate/Database/Connection->run('select * from `...', Array, Object(Closure))
#11 E:/SQL_EXAM/SEM1_T2508M_Test/vendor/laravel/framework/src/Illuminate/Database/Query/Builder.php(3232): Illuminate/Database/Connection->select('select * from `...', Array, false)
#12 E:/SQL_EXAM/SEM1_T2508M_Test/vendor/laravel/framework/src/Illuminate/Database/Query/Builder.php(3217): Illuminate/Database/Query/Builder->runSelect()
#13 E:/SQL_EXAM/SEM1_T2508M_Test/vendor/laravel/framework/src/Illuminate/Database/Query/Builder.php(3807): Illuminate/Database/Query/Builder->Illuminate/Database/Query/{closure}()
#14 E:/SQL_EXAM/SEM1_T2508M_Test/vendor/laravel/framework/src/Illuminate/Database/Query/Builder.php(3216): Illuminate/Database/Query/Builder->onceWithColumns(Array, Object(Closure))
#15 E:/SQL_EXAM/SEM1_T2508M_Test/vendor/laravel/framework/src/Illuminate/Database/Concerns/BuildsQueries.php(366): Illuminate/Database/Query/Builder->get(Array)
#16 E:/SQL_EXAM/SEM1_T2508M_Test/vendor/laravel/framework/src/Illuminate/Database/Query/Builder.php(3139): Illuminate/Database/Query/Builder->first(Array)
#17 E:/SQL_EXAM/SEM1_T2508M_Test/vendor/laravel/framework/src/Illuminate/Session/DatabaseSessionHandler.php(96): Illuminate/Database/Query/Builder->find('A8nYTeEwnIGeqyb...')
#18 E:/SQL_EXAM/SEM1_T2508M_Test/vendor/laravel/framework/src/Illuminate/Session/Store.php(126): Illuminate/Session/DatabaseSessionHandler->read('A8nYTeEwnIGeqyb...')
#19 E:/SQL_EXAM/SEM1_T2508M_Test/vendor/laravel/framework/src/Illuminate/Session/Store.php(114): Illuminate/Session/Store->readFromHandler()
#20 E:/SQL_EXAM/SEM1_T2508M_Test/vendor/laravel/framework/src/Illuminate/Session/Store.php(98): Illuminate/Session/Store->loadSession()
#21 E:/SQL_EXAM/SEM1_T2508M_Test/vendor/laravel/framework/src/Illuminate/Session/Middleware/StartSession.php(146): Illuminate/Session/Store->start()
#22 E:/SQL_EXAM/SEM1_T2508M_Test/vendor/laravel/framework/src/Illuminate/Support/helpers.php(390): Illuminate/Session/Middleware/StartSession->Illuminate/Session/Middleware/{closure}(Object(Illuminate/Session/Store))
#23 E:/SQL_EXAM/SEM1_T2508M_Test/vendor/laravel/framework/src/Illuminate/Session/Middleware/StartSession.php(143): tap(Object(Illuminate/Session/Store), Object(Closure))
#24 E:/SQL_EXAM/SEM1_T2508M_Test/vendor/laravel/framework/src/Illuminate/Session/Middleware/StartSession.php(115): Illuminate/Session/Middleware/StartSession->startSession(Object(Illuminate/Http/Request), Object(Illuminate/Session/Store))
#25 E:/SQL_EXAM/SEM1_T2508M_Test/vendor/laravel/framework/src/Illuminate/Session/Middleware/StartSession.php(63): Illuminate/Session/Middleware/StartSession->handleStatefulRequest(Object(Illuminate/Http/Request), Object(Illuminate/Session/Store), Object(Closure))
#26 E:/SQL_EXAM/SEM1_T2508M_Test/vendor/laravel/framework/src/Illuminate/Pipeline/Pipeline.php(219): Illuminate/Session/Middleware/StartSession->handle(Object(Illuminate/Http/Request), Object(Closure))
#27 E:/SQL_EXAM/SEM1_T2508M_Test/vendor/laravel/framework/src/Illuminate/Cookie/Middleware/AddQueuedCookiesToResponse.php(36): Illuminate/Pipeline/Pipeline->Illuminate/Pipeline/{closure}(Object(Illuminate/Http/Request))
#28 E:/SQL_EXAM/SEM1_T2508M_Test/vendor/laravel/framework/src/Illuminate/Pipeline/Pipeline.php(219): Illuminate/Cookie/Middleware/AddQueuedCookiesToResponse->handle(Object(Illuminate/Http/Request), Object(Closure))
#29 E:/SQL_EXAM/SEM1_T2508M_Test/vendor/laravel/framework/src/Illuminate/Cookie/Middleware/EncryptCookies.php(74): Illuminate/Pipeline/Pipeline->Illuminate/Pipeline/{closure}(Object(Illuminate/Http/Request))
#30 E:/SQL_EXAM/SEM1_T2508M_Test/vendor/laravel/framework/src/Illuminate/Pipeline/Pipeline.php(219): Illuminate/Cookie/Middleware/EncryptCookies->handle(Object(Illuminate/Http/Request), Object(Closure))
#31 E:/SQL_EXAM/SEM1_T2508M_Test/vendor/laravel/framework/src/Illuminate/Pipeline/Pipeline.php(137): Illuminate/Pipeline/Pipeline->Illuminate/Pipeline/{closure}(Object(Illuminate/Http/Request))
#32 E:/SQL_EXAM/SEM1_T2508M_Test/vendor/laravel/framework/src/Illuminate/Routing/Router.php(821): Illuminate/Pipeline/Pipeline->then(Object(Closure))
#33 E:/SQL_EXAM/SEM1_T2508M_Test/vendor/laravel/framework/src/Illuminate/Routing/Router.php(800): Illuminate/Routing/Router->runRouteWithinStack(Object(Illuminate/Routing/Route), Object(Illuminate/Http/Request))
#34 E:/SQL_EXAM/SEM1_T2508M_Test/vendor/laravel/framework/src/Illuminate/Routing/Router.php(764): Illuminate/Routing/Router->runRoute(Object(Illuminate/Http/Request), Object(Illuminate/Routing/Route))
#35 E:/SQL_EXAM/SEM1_T2508M_Test/vendor/laravel/framework/src/Illuminate/Routing/Router.php(753): Illuminate/Routing/Router->dispatchToRoute(Object(Illuminate/Http/Request))
#36 E:/SQL_EXAM/SEM1_T2508M_Test/vendor/laravel/framework/src/Illuminate/Foundation/Http/Kernel.php(200): Illuminate/Routing/Router->dispatch(Object(Illuminate/Http/Request))
#37 E:/SQL_EXAM/SEM1_T2508M_Test/vendor/laravel/framework/src/Illuminate/Pipeline/Pipeline.php(180): Illuminate/Foundation/Http/Kernel->Illuminate/Foundation/Http/{closure}(Object(Illuminate/Http/Request))
#38 E:/SQL_EXAM/SEM1_T2508M_Test/vendor/laravel/framework/src/Illuminate/Foundation/Http/Middleware/TransformsRequest.php(21): Illuminate/Pipeline/Pipeline->Illuminate/Pipeline/{closure}(Object(Illuminate/Http/Request))
#39 E:/SQL_EXAM/SEM1_T2508M_Test/vendor/laravel/framework/src/Illuminate/Foundation/Http/Middleware/ConvertEmptyStringsToNull.php(31): Illuminate/Foundation/Http/Middleware/TransformsRequest->handle(Object(Illuminate/Http/Request), Object(Closure))
#40 E:/SQL_EXAM/SEM1_T2508M_Test/vendor/laravel/framework/src/Illuminate/Pipeline/Pipeline.php(219): Illuminate/Foundation/Http/Middleware/ConvertEmptyStringsToNull->handle(Object(Illuminate/Http/Request), Object(Closure))
#41 E:/SQL_EXAM/SEM1_T2508M_Test/vendor/laravel/framework/src/Illuminate/Foundation/Http/Middleware/TransformsRequest.php(21): Illuminate/Pipeline/Pipeline->Illuminate/Pipeline/{closure}(Object(Illuminate/Http/Request))
#42 E:/SQL_EXAM/SEM1_T2508M_Test/vendor/laravel/framework/src/Illuminate/Foundation/Http/Middleware/TrimStrings.php(51): Illuminate/Foundation/Http/Middleware/TransformsRequest->handle(Object(Illuminate/Http/Request), Object(Closure))
#43 E:/SQL_EXAM/SEM1_T2508M_Test/vendor/laravel/framework/src/Illuminate/Pipeline/Pipeline.php(219): Illuminate/Foundation/Http/Middleware/TrimStrings->handle(Object(Illuminate/Http/Request), Object(Closure))
#44 E:/SQL_EXAM/SEM1_T2508M_Test/vendor/laravel/framework/src/Illuminate/Http/Middleware/ValidatePostSize.php(27): Illuminate/Pipeline/Pipeline->Illuminate/Pipeline/{closure}(Object(Illuminate/Http/Request))
#45 E:/SQL_EXAM/SEM1_T2508M_Test/vendor/laravel/framework/src/Illuminate/Pipeline/Pipeline.php(219): Illuminate/Http/Middleware/ValidatePostSize->handle(Object(Illuminate/Http/Request), Object(Closure))
#46 E:/SQL_EXAM/SEM1_T2508M_Test/vendor/laravel/framework/src/Illuminate/Foundation/Http/Middleware/PreventRequestsDuringMaintenance.php(109): Illuminate/Pipeline/Pipeline->Illuminate/Pipeline/{closure}(Object(Illuminate/Http/Request))
#47 E:/SQL_EXAM/SEM1_T2508M_Test/vendor/laravel/framework/src/Illuminate/Pipeline/Pipeline.php(219): Illuminate/Foundation/Http/Middleware/PreventRequestsDuringMaintenance->handle(Object(Illuminate/Http/Request), Object(Closure))
#48 E:/SQL_EXAM/SEM1_T2508M_Test/vendor/laravel/framework/src/Illuminate/Http/Middleware/HandleCors.php(48): Illuminate/Pipeline/Pipeline->Illuminate/Pipeline/{closure}(Object(Illuminate/Http/Request))
#49 E:/SQL_EXAM/SEM1_T2508M_Test/vendor/laravel/framework/src/Illuminate/Pipeline/Pipeline.php(219): Illuminate/Http/Middleware/HandleCors->handle(Object(Illuminate/Http/Request), Object(Closure))
#50 E:/SQL_EXAM/SEM1_T2508M_Test/vendor/laravel/framework/src/Illuminate/Http/Middleware/TrustProxies.php(58): Illuminate/Pipeline/Pipeline->Illuminate/Pipeline/{closure}(Object(Illuminate/Http/Request))
#51 E:/SQL_EXAM/SEM1_T2508M_Test/vendor/laravel/framework/src/Illuminate/Pipeline/Pipeline.php(219): Illuminate/Http/Middleware/TrustProxies->handle(Object(Illuminate/Http/Request), Object(Closure))
#52 E:/SQL_EXAM/SEM1_T2508M_Test/vendor/laravel/framework/src/Illuminate/Foundation/Http/Middleware/InvokeDeferredCallbacks.php(22): Illuminate/Pipeline/Pipeline->Illuminate/Pipeline/{closure}(Object(Illuminate/Http/Request))
#53 E:/SQL_EXAM/SEM1_T2508M_Test/vendor/laravel/framework/src/Illuminate/Pipeline/Pipeline.php(219): Illuminate/Foundation/Http/Middleware/InvokeDeferredCallbacks->handle(Object(Illuminate/Http/Request), Object(Closure))
#54 E:/SQL_EXAM/SEM1_T2508M_Test/vendor/laravel/framework/src/Illuminate/Http/Middleware/ValidatePathEncoding.php(26): Illuminate/Pipeline/Pipeline->Illuminate/Pipeline/{closure}(Object(Illuminate/Http/Request))
#55 E:/SQL_EXAM/SEM1_T2508M_Test/vendor/laravel/framework/src/Illuminate/Pipeline/Pipeline.php(219): Illuminate/Http/Middleware/ValidatePathEncoding->handle(Object(Illuminate/Http/Request), Object(Closure))
#56 E:/SQL_EXAM/SEM1_T2508M_Test/vendor/laravel/framework/src/Illuminate/Pipeline/Pipeline.php(137): Illuminate/Pipeline/Pipeline->Illuminate/Pipeline/{closure}(Object(Illuminate/Http/Request))
#57 E:/SQL_EXAM/SEM1_T2508M_Test/vendor/laravel/framework/src/Illuminate/Foundation/Http/Kernel.php(175): Illuminate/Pipeline/Pipeline->then(Object(Closure))
#58 E:/SQL_EXAM/SEM1_T2508M_Test/vendor/laravel/framework/src/Illuminate/Foundation/Http/Kernel.php(144): Illuminate/Foundation/Http/Kernel->sendRequestThroughRouter(Object(Illuminate/Http/Request))
#59 E:/SQL_EXAM/SEM1_T2508M_Test/vendor/laravel/framework/src/Illuminate/Foundation/Application.php(1220): Illuminate/Foundation/Http/Kernel->handle(Object(Illuminate/Http/Request))
#60 E:/SQL_EXAM/SEM1_T2508M_Test/public/index.php(20): Illuminate/Foundation/Application->handleRequest(Object(Illuminate/Http/Request))
#61 E:/SQL_EXAM/SEM1_T2508M_Test/vendor/laravel/framework/src/Illuminate/Foundation/resources/server.php(23): require_once('E://SQL_EXAM//SEM...')
#62 {main}
"} 
[2026-01-09 03:09:34] local.ERROR: SQLSTATE[HY000] [1049] Unknown database 'v_store' (Connection: mysql, Host: 127.0.0.1, Port: 3306, Database: v_store, SQL: select * from `sessions` where `id` = TqGejCawjQOcGh0NiW6BRga2fVxXxyEAcxXeJmpI limit 1) {"exception":"[object] (Illuminate\\Database\\QueryException(code: 1049): SQLSTATE[HY000] [1049] Unknown database 'v_store' (Connection: mysql, Host: 127.0.0.1, Port: 3306, Database: v_store, SQL: select * from `sessions` where `id` = TqGejCawjQOcGh0NiW6BRga2fVxXxyEAcxXeJmpI limit 1) at E:/SQL_EXAM/SEM1_T2508M_Test/vendor/laravel/framework/src/Illuminate/Database/Connection.php:831)
[stacktrace]
#0 E:/SQL_EXAM/SEM1_T2508M_Test/vendor/laravel/framework/src/Illuminate/Database/Connection.php(787): Illuminate/Database/Connection->runQueryCallback('select * from `...', Array, Object(Closure))
#1 E:/SQL_EXAM/SEM1_T2508M_Test/vendor/laravel/framework/src/Illuminate/Database/Connection.php(404): Illuminate/Database/Connection->run('select * from `...', Array, Object(Closure))
#2 E:/SQL_EXAM/SEM1_T2508M_Test/vendor/laravel/framework/src/Illuminate/Database/Query/Builder.php(3232): Illuminate/Database/Connection->select('select * from `...', Array, false)
#3 E:/SQL_EXAM/SEM1_T2508M_Test/vendor/laravel/framework/src/Illuminate/Database/Query/Builder.php(3217): Illuminate/Database/Query/Builder->runSelect()
#4 E:/SQL_EXAM/SEM1_T2508M_Test/vendor/laravel/framework/src/Illuminate/Database/Query/Builder.php(3807): Illuminate/Database/Query/Builder->Illuminate/Database/Query/{closure}()
#5 E:/SQL_EXAM/SEM1_T2508M_Test/vendor/laravel/framework/src/Illuminate/Database/Query/Builder.php(3216): Illuminate/Database/Query/Builder->onceWithColumns(Array, Object(Closure))
#6 E:/SQL_EXAM/SEM1_T2508M_Test/vendor/laravel/framework/src/Illuminate/Database/Concerns/BuildsQueries.php(366): Illuminate/Database/Query/Builder->get(Array)
#7 E:/SQL_EXAM/SEM1_T2508M_Test/vendor/laravel/framework/src/Illuminate/Database/Query/Builder.php(3139): Illuminate/Database/Query/Builder->first(Array)
#8 E:/SQL_EXAM/SEM1_T2508M_Test/vendor/laravel/framework/src/Illuminate/Session/DatabaseSessionHandler.php(96): Illuminate/Database/Query/Builder->find('TqGejCawjQOcGh0...')
#9 E:/SQL_EXAM/SEM1_T2508M_Test/vendor/laravel/framework/src/Illuminate/Session/Store.php(126): Illuminate/Session/DatabaseSessionHandler->read('TqGejCawjQOcGh0...')
#10 E:/SQL_EXAM/SEM1_T2508M_Test/vendor/laravel/framework/src/Illuminate/Session/Store.php(114): Illuminate/Session/Store->readFromHandler()
#11 E:/SQL_EXAM/SEM1_T2508M_Test/vendor/laravel/framework/src/Illuminate/Session/Store.php(98): Illuminate/Session/Store->loadSession()
#12 E:/SQL_EXAM/SEM1_T2508M_Test/vendor/laravel/framework/src/Illuminate/Session/Middleware/StartSession.php(146): Illuminate/Session/Store->start()
#13 E:/SQL_EXAM/SEM1_T2508M_Test/vendor/laravel/framework/src/Illuminate/Support/helpers.php(390): Illuminate/Session/Middleware/StartSession->Illuminate/Session/Middleware/{closure}(Object(Illuminate/Session/Store))
#14 E:/SQL_EXAM/SEM1_T2508M_Test/vendor/laravel/framework/src/Illuminate/Session/Middleware/StartSession.php(143): tap(Object(Illuminate/Session/Store), Object(Closure))
#15 E:/SQL_EXAM/SEM1_T2508M_Test/vendor/laravel/framework/src/Illuminate/Session/Middleware/StartSession.php(115): Illuminate/Session/Middleware/StartSession->startSession(Object(Illuminate/Http/Request), Object(Illuminate/Session/Store))
#16 E:/SQL_EXAM/SEM1_T2508M_Test/vendor/laravel/framework/src/Illuminate/Session/Middleware/StartSession.php(63): Illuminate/Session/Middleware/StartSession->handleStatefulRequest(Object(Illuminate/Http/Request), Object(Illuminate/Session/Store), Object(Closure))
#17 E:/SQL_EXAM/SEM1_T2508M_Test/vendor/laravel/framework/src/Illuminate/Pipeline/Pipeline.php(219): Illuminate/Session/Middleware/StartSession->handle(Object(Illuminate/Http/Request), Object(Closure))
#18 E:/SQL_EXAM/SEM1_T2508M_Test/vendor/laravel/framework/src/Illuminate/Cookie/Middleware/AddQueuedCookiesToResponse.php(36): Illuminate/Pipeline/Pipeline->Illuminate/Pipeline/{closure}(Object(Illuminate/Http/Request))
#19 E:/SQL_EXAM/SEM1_T2508M_Test/vendor/laravel/framework/src/Illuminate/Pipeline/Pipeline.php(219): Illuminate/Cookie/Middleware/AddQueuedCookiesToResponse->handle(Object(Illuminate/Http/Request), Object(Closure))
#20 E:/SQL_EXAM/SEM1_T2508M_Test/vendor/laravel/framework/src/Illuminate/Cookie/Middleware/EncryptCookies.php(74): Illuminate/Pipeline/Pipeline->Illuminate/Pipeline/{closure}(Object(Illuminate/Http/Request))
#21 E:/SQL_EXAM/SEM1_T2508M_Test/vendor/laravel/framework/src/Illuminate/Pipeline/Pipeline.php(219): Illuminate/Cookie/Middleware/EncryptCookies->handle(Object(Illuminate/Http/Request), Object(Closure))
#22 E:/SQL_EXAM/SEM1_T2508M_Test/vendor/laravel/framework/src/Illuminate/Pipeline/Pipeline.php(137): Illuminate/Pipeline/Pipeline->Illuminate/Pipeline/{closure}(Object(Illuminate/Http/Request))
#23 E:/SQL_EXAM/SEM1_T2508M_Test/vendor/laravel/framework/src/Illuminate/Routing/Router.php(821): Illuminate/Pipeline/Pipeline->then(Object(Closure))
#24 E:/SQL_EXAM/SEM1_T2508M_Test/vendor/laravel/framework/src/Illuminate/Routing/Router.php(800): Illuminate/Routing/Router->runRouteWithinStack(Object(Illuminate/Routing/Route), Object(Illuminate/Http/Request))
#25 E:/SQL_EXAM/SEM1_T2508M_Test/vendor/laravel/framework/src/Illuminate/Routing/Router.php(764): Illuminate/Routing/Router->runRoute(Object(Illuminate/Http/Request), Object(Illuminate/Routing/Route))
#26 E:/SQL_EXAM/SEM1_T2508M_Test/vendor/laravel/framework/src/Illuminate/Routing/Router.php(753): Illuminate/Routing/Router->dispatchToRoute(Object(Illuminate/Http/Request))
#27 E:/SQL_EXAM/SEM1_T2508M_Test/vendor/laravel/framework/src/Illuminate/Foundation/Http/Kernel.php(200): Illuminate/Routing/Router->dispatch(Object(Illuminate/Http/Request))
#28 E:/SQL_EXAM/SEM1_T2508M_Test/vendor/laravel/framework/src/Illuminate/Pipeline/Pipeline.php(180): Illuminate/Foundation/Http/Kernel->Illuminate/Foundation/Http/{closure}(Object(Illuminate/Http/Request))
#29 E:/SQL_EXAM/SEM1_T2508M_Test/vendor/laravel/framework/src/Illuminate/Foundation/Http/Middleware/TransformsRequest.php(21): Illuminate/Pipeline/Pipeline->Illuminate/Pipeline/{closure}(Object(Illuminate/Http/Request))
#30 E:/SQL_EXAM/SEM1_T2508M_Test/vendor/laravel/framework/src/Illuminate/Foundation/Http/Middleware/ConvertEmptyStringsToNull.php(31): Illuminate/Foundation/Http/Middleware/TransformsRequest->handle(Object(Illuminate/Http/Request), Object(Closure))
#31 E:/SQL_EXAM/SEM1_T2508M_Test/vendor/laravel/framework/src/Illuminate/Pipeline/Pipeline.php(219): Illuminate/Foundation/Http/Middleware/ConvertEmptyStringsToNull->handle(Object(Illuminate/Http/Request), Object(Closure))
#32 E:/SQL_EXAM/SEM1_T2508M_Test/vendor/laravel/framework/src/Illuminate/Foundation/Http/Middleware/TransformsRequest.php(21): Illuminate/Pipeline/Pipeline->Illuminate/Pipeline/{closure}(Object(Illuminate/Http/Request))
#33 E:/SQL_EXAM/SEM1_T2508M_Test/vendor/laravel/framework/src/Illuminate/Foundation/Http/Middleware/TrimStrings.php(51): Illuminate/Foundation/Http/Middleware/TransformsRequest->handle(Object(Illuminate/Http/Request), Object(Closure))
#34 E:/SQL_EXAM/SEM1_T2508M_Test/vendor/laravel/framework/src/Illuminate/Pipeline/Pipeline.php(219): Illuminate/Foundation/Http/Middleware/TrimStrings->handle(Object(Illuminate/Http/Request), Object(Closure))
#35 E:/SQL_EXAM/SEM1_T2508M_Test/vendor/laravel/framework/src/Illuminate/Http/Middleware/ValidatePostSize.php(27): Illuminate/Pipeline/Pipeline->Illuminate/Pipeline/{closure}(Object(Illuminate/Http/Request))
#36 E:/SQL_EXAM/SEM1_T2508M_Test/vendor/laravel/framework/src/Illuminate/Pipeline/Pipeline.php(219): Illuminate/Http/Middleware/ValidatePostSize->handle(Object(Illuminate/Http/Request), Object(Closure))
#37 E:/SQL_EXAM/SEM1_T2508M_Test/vendor/laravel/framework/src/Illuminate/Foundation/Http/Middleware/PreventRequestsDuringMaintenance.php(109): Illuminate/Pipeline/Pipeline->Illuminate/Pipeline/{closure}(Object(Illuminate/Http/Request))
#38 E:/SQL_EXAM/SEM1_T2508M_Test/vendor/laravel/framework/src/Illuminate/Pipeline/Pipeline.php(219): Illuminate/Foundation/Http/Middleware/PreventRequestsDuringMaintenance->handle(Object(Illuminate/Http/Request), Object(Closure))
#39 E:/SQL_EXAM/SEM1_T2508M_Test/vendor/laravel/framework/src/Illuminate/Http/Middleware/HandleCors.php(48): Illuminate/Pipeline/Pipeline->Illuminate/Pipeline/{closure}(Object(Illuminate/Http/Request))
#40 E:/SQL_EXAM/SEM1_T2508M_Test/vendor/laravel/framework/src/Illuminate/Pipeline/Pipeline.php(219): Illuminate/Http/Middleware/HandleCors->handle(Object(Illuminate/Http/Request), Object(Closure))
#41 E:/SQL_EXAM/SEM1_T2508M_Test/vendor/laravel/framework/src/Illuminate/Http/Middleware/TrustProxies.php(58): Illuminate/Pipeline/Pipeline->Illuminate/Pipeline/{closure}(Object(Illuminate/Http/Request))
#42 E:/SQL_EXAM/SEM1_T2508M_Test/vendor/laravel/framework/src/Illuminate/Pipeline/Pipeline.php(219): Illuminate/Http/Middleware/TrustProxies->handle(Object(Illuminate/Http/Request), Object(Closure))
#43 E:/SQL_EXAM/SEM1_T2508M_Test/vendor/laravel/framework/src/Illuminate/Foundation/Http/Middleware/InvokeDeferredCallbacks.php(22): Illuminate/Pipeline/Pipeline->Illuminate/Pipeline/{closure}(Object(Illuminate/Http/Request))
#44 E:/SQL_EXAM/SEM1_T2508M_Test/vendor/laravel/framework/src/Illuminate/Pipeline/Pipeline.php(219): Illuminate/Foundation/Http/Middleware/InvokeDeferredCallbacks->handle(Object(Illuminate/Http/Request), Object(Closure))
#45 E:/SQL_EXAM/SEM1_T2508M_Test/vendor/laravel/framework/src/Illuminate/Http/Middleware/ValidatePathEncoding.php(26): Illuminate/Pipeline/Pipeline->Illuminate/Pipeline/{closure}(Object(Illuminate/Http/Request))
#46 E:/SQL_EXAM/SEM1_T2508M_Test/vendor/laravel/framework/src/Illuminate/Pipeline/Pipeline.php(219): Illuminate/Http/Middleware/ValidatePathEncoding->handle(Object(Illuminate/Http/Request), Object(Closure))
#47 E:/SQL_EXAM/SEM1_T2508M_Test/vendor/laravel/framework/src/Illuminate/Pipeline/Pipeline.php(137): Illuminate/Pipeline/Pipeline->Illuminate/Pipeline/{closure}(Object(Illuminate/Http/Request))
#48 E:/SQL_EXAM/SEM1_T2508M_Test/vendor/laravel/framework/src/Illuminate/Foundation/Http/Kernel.php(175): Illuminate/Pipeline/Pipeline->then(Object(Closure))
#49 E:/SQL_EXAM/SEM1_T2508M_Test/vendor/laravel/framework/src/Illuminate/Foundation/Http/Kernel.php(144): Illuminate/Foundation/Http/Kernel->sendRequestThroughRouter(Object(Illuminate/Http/Request))
#50 E:/SQL_EXAM/SEM1_T2508M_Test/vendor/laravel/framework/src/Illuminate/Foundation/Application.php(1220): Illuminate/Foundation/Http/Kernel->handle(Object(Illuminate/Http/Request))
#51 E:/SQL_EXAM/SEM1_T2508M_Test/public/index.php(20): Illuminate/Foundation/Application->handleRequest(Object(Illuminate/Http/Request))
#52 E:/SQL_EXAM/SEM1_T2508M_Test/vendor/laravel/framework/src/Illuminate/Foundation/resources/server.php(23): require_once('E://SQL_EXAM//SEM...')
#53 {main}

[previous exception] [object] (PDOException(code: 1049): SQLSTATE[HY000] [1049] Unknown database 'v_store' at E:/SQL_EXAM/SEM1_T2508M_Test/vendor/laravel/framework/src/Illuminate/Database/Connectors/Connector.php:66)
[stacktrace]
#0 E:/SQL_EXAM/SEM1_T2508M_Test/vendor/laravel/framework/src/Illuminate/Database/Connectors/Connector.php(66): PDO->__construct('mysql:host=127....', 'root', Object(SensitiveParameterValue), Array)
#1 E:/SQL_EXAM/SEM1_T2508M_Test/vendor/laravel/framework/src/Illuminate/Database/Connectors/Connector.php(44): Illuminate/Database/Connectors/Connector->createPdoConnection('mysql:host=127....', 'root', Object(SensitiveParameterValue), Array)
#2 E:/SQL_EXAM/SEM1_T2508M_Test/vendor/laravel/framework/src/Illuminate/Database/Connectors/MySqlConnector.php(24): Illuminate/Database/Connectors/Connector->createConnection('mysql:host=127....', Array, Array)
#3 E:/SQL_EXAM/SEM1_T2508M_Test/vendor/laravel/framework/src/Illuminate/Database/Connectors/ConnectionFactory.php(184): Illuminate/Database/Connectors/MySqlConnector->connect(Array)
#4 [internal function]: Illuminate/Database/Connectors/ConnectionFactory->Illuminate/Database/Connectors/{closure}()
#5 E:/SQL_EXAM/SEM1_T2508M_Test/vendor/laravel/framework/src/Illuminate/Database/Connection.php(1250): call_user_func(Object(Closure))
#6 E:/SQL_EXAM/SEM1_T2508M_Test/vendor/laravel/framework/src/Illuminate/Database/Connection.php(518): Illuminate/Database/Connection->getPdo()
#7 E:/SQL_EXAM/SEM1_T2508M_Test/vendor/laravel/framework/src/Illuminate/Database/Connection.php(413): Illuminate/Database/Connection->getPdoForSelect(false)
#8 E:/SQL_EXAM/SEM1_T2508M_Test/vendor/laravel/framework/src/Illuminate/Database/Connection.php(820): Illuminate/Database/Connection->Illuminate/Database/{closure}('select * from `...', Array)
#9 E:/SQL_EXAM/SEM1_T2508M_Test/vendor/laravel/framework/src/Illuminate/Database/Connection.php(787): Illuminate/Database/Connection->runQueryCallback('select * from `...', Array, Object(Closure))
#10 E:/SQL_EXAM/SEM1_T2508M_Test/vendor/laravel/framework/src/Illuminate/Database/Connection.php(404): Illuminate/Database/Connection->run('select * from `...', Array, Object(Closure))
#11 E:/SQL_EXAM/SEM1_T2508M_Test/vendor/laravel/framework/src/Illuminate/Database/Query/Builder.php(3232): Illuminate/Database/Connection->select('select * from `...', Array, false)
#12 E:/SQL_EXAM/SEM1_T2508M_Test/vendor/laravel/framework/src/Illuminate/Database/Query/Builder.php(3217): Illuminate/Database/Query/Builder->runSelect()
#13 E:/SQL_EXAM/SEM1_T2508M_Test/vendor/laravel/framework/src/Illuminate/Database/Query/Builder.php(3807): Illuminate/Database/Query/Builder->Illuminate/Database/Query/{closure}()
#14 E:/SQL_EXAM/SEM1_T2508M_Test/vendor/laravel/framework/src/Illuminate/Database/Query/Builder.php(3216): Illuminate/Database/Query/Builder->onceWithColumns(Array, Object(Closure))
#15 E:/SQL_EXAM/SEM1_T2508M_Test/vendor/laravel/framework/src/Illuminate/Database/Concerns/BuildsQueries.php(366): Illuminate/Database/Query/Builder->get(Array)
#16 E:/SQL_EXAM/SEM1_T2508M_Test/vendor/laravel/framework/src/Illuminate/Database/Query/Builder.php(3139): Illuminate/Database/Query/Builder->first(Array)
#17 E:/SQL_EXAM/SEM1_T2508M_Test/vendor/laravel/framework/src/Illuminate/Session/DatabaseSessionHandler.php(96): Illuminate/Database/Query/Builder->find('TqGejCawjQOcGh0...')
#18 E:/SQL_EXAM/SEM1_T2508M_Test/vendor/laravel/framework/src/Illuminate/Session/Store.php(126): Illuminate/Session/DatabaseSessionHandler->read('TqGejCawjQOcGh0...')
#19 E:/SQL_EXAM/SEM1_T2508M_Test/vendor/laravel/framework/src/Illuminate/Session/Store.php(114): Illuminate/Session/Store->readFromHandler()
#20 E:/SQL_EXAM/SEM1_T2508M_Test/vendor/laravel/framework/src/Illuminate/Session/Store.php(98): Illuminate/Session/Store->loadSession()
#21 E:/SQL_EXAM/SEM1_T2508M_Test/vendor/laravel/framework/src/Illuminate/Session/Middleware/StartSession.php(146): Illuminate/Session/Store->start()
#22 E:/SQL_EXAM/SEM1_T2508M_Test/vendor/laravel/framework/src/Illuminate/Support/helpers.php(390): Illuminate/Session/Middleware/StartSession->Illuminate/Session/Middleware/{closure}(Object(Illuminate/Session/Store))
#23 E:/SQL_EXAM/SEM1_T2508M_Test/vendor/laravel/framework/src/Illuminate/Session/Middleware/StartSession.php(143): tap(Object(Illuminate/Session/Store), Object(Closure))
#24 E:/SQL_EXAM/SEM1_T2508M_Test/vendor/laravel/framework/src/Illuminate/Session/Middleware/StartSession.php(115): Illuminate/Session/Middleware/StartSession->startSession(Object(Illuminate/Http/Request), Object(Illuminate/Session/Store))
#25 E:/SQL_EXAM/SEM1_T2508M_Test/vendor/laravel/framework/src/Illuminate/Session/Middleware/StartSession.php(63): Illuminate/Session/Middleware/StartSession->handleStatefulRequest(Object(Illuminate/Http/Request), Object(Illuminate/Session/Store), Object(Closure))
#26 E:/SQL_EXAM/SEM1_T2508M_Test/vendor/laravel/framework/src/Illuminate/Pipeline/Pipeline.php(219): Illuminate/Session/Middleware/StartSession->handle(Object(Illuminate/Http/Request), Object(Closure))
#27 E:/SQL_EXAM/SEM1_T2508M_Test/vendor/laravel/framework/src/Illuminate/Cookie/Middleware/AddQueuedCookiesToResponse.php(36): Illuminate/Pipeline/Pipeline->Illuminate/Pipeline/{closure}(Object(Illuminate/Http/Request))
#28 E:/SQL_EXAM/SEM1_T2508M_Test/vendor/laravel/framework/src/Illuminate/Pipeline/Pipeline.php(219): Illuminate/Cookie/Middleware/AddQueuedCookiesToResponse->handle(Object(Illuminate/Http/Request), Object(Closure))
#29 E:/SQL_EXAM/SEM1_T2508M_Test/vendor/laravel/framework/src/Illuminate/Cookie/Middleware/EncryptCookies.php(74): Illuminate/Pipeline/Pipeline->Illuminate/Pipeline/{closure}(Object(Illuminate/Http/Request))
#30 E:/SQL_EXAM/SEM1_T2508M_Test/vendor/laravel/framework/src/Illuminate/Pipeline/Pipeline.php(219): Illuminate/Cookie/Middleware/EncryptCookies->handle(Object(Illuminate/Http/Request), Object(Closure))
#31 E:/SQL_EXAM/SEM1_T2508M_Test/vendor/laravel/framework/src/Illuminate/Pipeline/Pipeline.php(137): Illuminate/Pipeline/Pipeline->Illuminate/Pipeline/{closure}(Object(Illuminate/Http/Request))
#32 E:/SQL_EXAM/SEM1_T2508M_Test/vendor/laravel/framework/src/Illuminate/Routing/Router.php(821): Illuminate/Pipeline/Pipeline->then(Object(Closure))
#33 E:/SQL_EXAM/SEM1_T2508M_Test/vendor/laravel/framework/src/Illuminate/Routing/Router.php(800): Illuminate/Routing/Router->runRouteWithinStack(Object(Illuminate/Routing/Route), Object(Illuminate/Http/Request))
#34 E:/SQL_EXAM/SEM1_T2508M_Test/vendor/laravel/framework/src/Illuminate/Routing/Router.php(764): Illuminate/Routing/Router->runRoute(Object(Illuminate/Http/Request), Object(Illuminate/Routing/Route))
#35 E:/SQL_EXAM/SEM1_T2508M_Test/vendor/laravel/framework/src/Illuminate/Routing/Router.php(753): Illuminate/Routing/Router->dispatchToRoute(Object(Illuminate/Http/Request))
#36 E:/SQL_EXAM/SEM1_T2508M_Test/vendor/laravel/framework/src/Illuminate/Foundation/Http/Kernel.php(200): Illuminate/Routing/Router->dispatch(Object(Illuminate/Http/Request))
#37 E:/SQL_EXAM/SEM1_T2508M_Test/vendor/laravel/framework/src/Illuminate/Pipeline/Pipeline.php(180): Illuminate/Foundation/Http/Kernel->Illuminate/Foundation/Http/{closure}(Object(Illuminate/Http/Request))
#38 E:/SQL_EXAM/SEM1_T2508M_Test/vendor/laravel/framework/src/Illuminate/Foundation/Http/Middleware/TransformsRequest.php(21): Illuminate/Pipeline/Pipeline->Illuminate/Pipeline/{closure}(Object(Illuminate/Http/Request))
#39 E:/SQL_EXAM/SEM1_T2508M_Test/vendor/laravel/framework/src/Illuminate/Foundation/Http/Middleware/ConvertEmptyStringsToNull.php(31): Illuminate/Foundation/Http/Middleware/TransformsRequest->handle(Object(Illuminate/Http/Request), Object(Closure))
#40 E:/SQL_EXAM/SEM1_T2508M_Test/vendor/laravel/framework/src/Illuminate/Pipeline/Pipeline.php(219): Illuminate/Foundation/Http/Middleware/ConvertEmptyStringsToNull->handle(Object(Illuminate/Http/Request), Object(Closure))
#41 E:/SQL_EXAM/SEM1_T2508M_Test/vendor/laravel/framework/src/Illuminate/Foundation/Http/Middleware/TransformsRequest.php(21): Illuminate/Pipeline/Pipeline->Illuminate/Pipeline/{closure}(Object(Illuminate/Http/Request))
#42 E:/SQL_EXAM/SEM1_T2508M_Test/vendor/laravel/framework/src/Illuminate/Foundation/Http/Middleware/TrimStrings.php(51): Illuminate/Foundation/Http/Middleware/TransformsRequest->handle(Object(Illuminate/Http/Request), Object(Closure))
#43 E:/SQL_EXAM/SEM1_T2508M_Test/vendor/laravel/framework/src/Illuminate/Pipeline/Pipeline.php(219): Illuminate/Foundation/Http/Middleware/TrimStrings->handle(Object(Illuminate/Http/Request), Object(Closure))
#44 E:/SQL_EXAM/SEM1_T2508M_Test/vendor/laravel/framework/src/Illuminate/Http/Middleware/ValidatePostSize.php(27): Illuminate/Pipeline/Pipeline->Illuminate/Pipeline/{closure}(Object(Illuminate/Http/Request))
#45 E:/SQL_EXAM/SEM1_T2508M_Test/vendor/laravel/framework/src/Illuminate/Pipeline/Pipeline.php(219): Illuminate/Http/Middleware/ValidatePostSize->handle(Object(Illuminate/Http/Request), Object(Closure))
#46 E:/SQL_EXAM/SEM1_T2508M_Test/vendor/laravel/framework/src/Illuminate/Foundation/Http/Middleware/PreventRequestsDuringMaintenance.php(109): Illuminate/Pipeline/Pipeline->Illuminate/Pipeline/{closure}(Object(Illuminate/Http/Request))
#47 E:/SQL_EXAM/SEM1_T2508M_Test/vendor/laravel/framework/src/Illuminate/Pipeline/Pipeline.php(219): Illuminate/Foundation/Http/Middleware/PreventRequestsDuringMaintenance->handle(Object(Illuminate/Http/Request), Object(Closure))
#48 E:/SQL_EXAM/SEM1_T2508M_Test/vendor/laravel/framework/src/Illuminate/Http/Middleware/HandleCors.php(48): Illuminate/Pipeline/Pipeline->Illuminate/Pipeline/{closure}(Object(Illuminate/Http/Request))
#49 E:/SQL_EXAM/SEM1_T2508M_Test/vendor/laravel/framework/src/Illuminate/Pipeline/Pipeline.php(219): Illuminate/Http/Middleware/HandleCors->handle(Object(Illuminate/Http/Request), Object(Closure))
#50 E:/SQL_EXAM/SEM1_T2508M_Test/vendor/laravel/framework/src/Illuminate/Http/Middleware/TrustProxies.php(58): Illuminate/Pipeline/Pipeline->Illuminate/Pipeline/{closure}(Object(Illuminate/Http/Request))
#51 E:/SQL_EXAM/SEM1_T2508M_Test/vendor/laravel/framework/src/Illuminate/Pipeline/Pipeline.php(219): Illuminate/Http/Middleware/TrustProxies->handle(Object(Illuminate/Http/Request), Object(Closure))
#52 E:/SQL_EXAM/SEM1_T2508M_Test/vendor/laravel/framework/src/Illuminate/Foundation/Http/Middleware/InvokeDeferredCallbacks.php(22): Illuminate/Pipeline/Pipeline->Illuminate/Pipeline/{closure}(Object(Illuminate/Http/Request))
#53 E:/SQL_EXAM/SEM1_T2508M_Test/vendor/laravel/framework/src/Illuminate/Pipeline/Pipeline.php(219): Illuminate/Foundation/Http/Middleware/InvokeDeferredCallbacks->handle(Object(Illuminate/Http/Request), Object(Closure))
#54 E:/SQL_EXAM/SEM1_T2508M_Test/vendor/laravel/framework/src/Illuminate/Http/Middleware/ValidatePathEncoding.php(26): Illuminate/Pipeline/Pipeline->Illuminate/Pipeline/{closure}(Object(Illuminate/Http/Request))
#55 E:/SQL_EXAM/SEM1_T2508M_Test/vendor/laravel/framework/src/Illuminate/Pipeline/Pipeline.php(219): Illuminate/Http/Middleware/ValidatePathEncoding->handle(Object(Illuminate/Http/Request), Object(Closure))
#56 E:/SQL_EXAM/SEM1_T2508M_Test/vendor/laravel/framework/src/Illuminate/Pipeline/Pipeline.php(137): Illuminate/Pipeline/Pipeline->Illuminate/Pipeline/{closure}(Object(Illuminate/Http/Request))
#57 E:/SQL_EXAM/SEM1_T2508M_Test/vendor/laravel/framework/src/Illuminate/Foundation/Http/Kernel.php(175): Illuminate/Pipeline/Pipeline->then(Object(Closure))
#58 E:/SQL_EXAM/SEM1_T2508M_Test/vendor/laravel/framework/src/Illuminate/Foundation/Http/Kernel.php(144): Illuminate/Foundation/Http/Kernel->sendRequestThroughRouter(Object(Illuminate/Http/Request))
#59 E:/SQL_EXAM/SEM1_T2508M_Test/vendor/laravel/framework/src/Illuminate/Foundation/Application.php(1220): Illuminate/Foundation/Http/Kernel->handle(Object(Illuminate/Http/Request))
#60 E:/SQL_EXAM/SEM1_T2508M_Test/public/index.php(20): Illuminate/Foundation/Application->handleRequest(Object(Illuminate/Http/Request))
#61 E:/SQL_EXAM/SEM1_T2508M_Test/vendor/laravel/framework/src/Illuminate/Foundation/resources/server.php(23): require_once('E://SQL_EXAM//SEM...')
#62 {main}
"} 
[2026-01-09 03:09:49] local.ERROR: SQLSTATE[HY000] [1049] Unknown database 'v_store' (Connection: mysql, Host: 127.0.0.1, Port: 3306, Database: v_store, SQL: select * from `sessions` where `id` = m6B9qIEa9GV6pov6Ad9YaQq9opjmbVnogVNlHsFA limit 1) {"exception":"[object] (Illuminate\\Database\\QueryException(code: 1049): SQLSTATE[HY000] [1049] Unknown database 'v_store' (Connection: mysql, Host: 127.0.0.1, Port: 3306, Database: v_store, SQL: select * from `sessions` where `id` = m6B9qIEa9GV6pov6Ad9YaQq9opjmbVnogVNlHsFA limit 1) at E:/SQL_EXAM/SEM1_T2508M_Test/vendor/laravel/framework/src/Illuminate/Database/Connection.php:831)
[stacktrace]
#0 E:/SQL_EXAM/SEM1_T2508M_Test/vendor/laravel/framework/src/Illuminate/Database/Connection.php(787): Illuminate/Database/Connection->runQueryCallback('select * from `...', Array, Object(Closure))
#1 E:/SQL_EXAM/SEM1_T2508M_Test/vendor/laravel/framework/src/Illuminate/Database/Connection.php(404): Illuminate/Database/Connection->run('select * from `...', Array, Object(Closure))
#2 E:/SQL_EXAM/SEM1_T2508M_Test/vendor/laravel/framework/src/Illuminate/Database/Query/Builder.php(3232): Illuminate/Database/Connection->select('select * from `...', Array, false)
#3 E:/SQL_EXAM/SEM1_T2508M_Test/vendor/laravel/framework/src/Illuminate/Database/Query/Builder.php(3217): Illuminate/Database/Query/Builder->runSelect()
#4 E:/SQL_EXAM/SEM1_T2508M_Test/vendor/laravel/framework/src/Illuminate/Database/Query/Builder.php(3807): Illuminate/Database/Query/Builder->Illuminate/Database/Query/{closure}()
#5 E:/SQL_EXAM/SEM1_T2508M_Test/vendor/laravel/framework/src/Illuminate/Database/Query/Builder.php(3216): Illuminate/Database/Query/Builder->onceWithColumns(Array, Object(Closure))
#6 E:/SQL_EXAM/SEM1_T2508M_Test/vendor/laravel/framework/src/Illuminate/Database/Concerns/BuildsQueries.php(366): Illuminate/Database/Query/Builder->get(Array)
#7 E:/SQL_EXAM/SEM1_T2508M_Test/vendor/laravel/framework/src/Illuminate/Database/Query/Builder.php(3139): Illuminate/Database/Query/Builder->first(Array)
#8 E:/SQL_EXAM/SEM1_T2508M_Test/vendor/laravel/framework/src/Illuminate/Session/DatabaseSessionHandler.php(96): Illuminate/Database/Query/Builder->find('m6B9qIEa9GV6pov...')
#9 E:/SQL_EXAM/SEM1_T2508M_Test/vendor/laravel/framework/src/Illuminate/Session/Store.php(126): Illuminate/Session/DatabaseSessionHandler->read('m6B9qIEa9GV6pov...')
#10 E:/SQL_EXAM/SEM1_T2508M_Test/vendor/laravel/framework/src/Illuminate/Session/Store.php(114): Illuminate/Session/Store->readFromHandler()
#11 E:/SQL_EXAM/SEM1_T2508M_Test/vendor/laravel/framework/src/Illuminate/Session/Store.php(98): Illuminate/Session/Store->loadSession()
#12 E:/SQL_EXAM/SEM1_T2508M_Test/vendor/laravel/framework/src/Illuminate/Session/Middleware/StartSession.php(146): Illuminate/Session/Store->start()
#13 E:/SQL_EXAM/SEM1_T2508M_Test/vendor/laravel/framework/src/Illuminate/Support/helpers.php(390): Illuminate/Session/Middleware/StartSession->Illuminate/Session/Middleware/{closure}(Object(Illuminate/Session/Store))
#14 E:/SQL_EXAM/SEM1_T2508M_Test/vendor/laravel/framework/src/Illuminate/Session/Middleware/StartSession.php(143): tap(Object(Illuminate/Session/Store), Object(Closure))
#15 E:/SQL_EXAM/SEM1_T2508M_Test/vendor/laravel/framework/src/Illuminate/Session/Middleware/StartSession.php(115): Illuminate/Session/Middleware/StartSession->startSession(Object(Illuminate/Http/Request), Object(Illuminate/Session/Store))
#16 E:/SQL_EXAM/SEM1_T2508M_Test/vendor/laravel/framework/src/Illuminate/Session/Middleware/StartSession.php(63): Illuminate/Session/Middleware/StartSession->handleStatefulRequest(Object(Illuminate/Http/Request), Object(Illuminate/Session/Store), Object(Closure))
#17 E:/SQL_EXAM/SEM1_T2508M_Test/vendor/laravel/framework/src/Illuminate/Pipeline/Pipeline.php(219): Illuminate/Session/Middleware/StartSession->handle(Object(Illuminate/Http/Request), Object(Closure))
#18 E:/SQL_EXAM/SEM1_T2508M_Test/vendor/laravel/framework/src/Illuminate/Cookie/Middleware/AddQueuedCookiesToResponse.php(36): Illuminate/Pipeline/Pipeline->Illuminate/Pipeline/{closure}(Object(Illuminate/Http/Request))
#19 E:/SQL_EXAM/SEM1_T2508M_Test/vendor/laravel/framework/src/Illuminate/Pipeline/Pipeline.php(219): Illuminate/Cookie/Middleware/AddQueuedCookiesToResponse->handle(Object(Illuminate/Http/Request), Object(Closure))
#20 E:/SQL_EXAM/SEM1_T2508M_Test/vendor/laravel/framework/src/Illuminate/Cookie/Middleware/EncryptCookies.php(74): Illuminate/Pipeline/Pipeline->Illuminate/Pipeline/{closure}(Object(Illuminate/Http/Request))
#21 E:/SQL_EXAM/SEM1_T2508M_Test/vendor/laravel/framework/src/Illuminate/Pipeline/Pipeline.php(219): Illuminate/Cookie/Middleware/EncryptCookies->handle(Object(Illuminate/Http/Request), Object(Closure))
#22 E:/SQL_EXAM/SEM1_T2508M_Test/vendor/laravel/framework/src/Illuminate/Pipeline/Pipeline.php(137): Illuminate/Pipeline/Pipeline->Illuminate/Pipeline/{closure}(Object(Illuminate/Http/Request))
#23 E:/SQL_EXAM/SEM1_T2508M_Test/vendor/laravel/framework/src/Illuminate/Routing/Router.php(821): Illuminate/Pipeline/Pipeline->then(Object(Closure))
#24 E:/SQL_EXAM/SEM1_T2508M_Test/vendor/laravel/framework/src/Illuminate/Routing/Router.php(800): Illuminate/Routing/Router->runRouteWithinStack(Object(Illuminate/Routing/Route), Object(Illuminate/Http/Request))
#25 E:/SQL_EXAM/SEM1_T2508M_Test/vendor/laravel/framework/src/Illuminate/Routing/Router.php(764): Illuminate/Routing/Router->runRoute(Object(Illuminate/Http/Request), Object(Illuminate/Routing/Route))
#26 E:/SQL_EXAM/SEM1_T2508M_Test/vendor/laravel/framework/src/Illuminate/Routing/Router.php(753): Illuminate/Routing/Router->dispatchToRoute(Object(Illuminate/Http/Request))
#27 E:/SQL_EXAM/SEM1_T2508M_Test/vendor/laravel/framework/src/Illuminate/Foundation/Http/Kernel.php(200): Illuminate/Routing/Router->dispatch(Object(Illuminate/Http/Request))
#28 E:/SQL_EXAM/SEM1_T2508M_Test/vendor/laravel/framework/src/Illuminate/Pipeline/Pipeline.php(180): Illuminate/Foundation/Http/Kernel->Illuminate/Foundation/Http/{closure}(Object(Illuminate/Http/Request))
#29 E:/SQL_EXAM/SEM1_T2508M_Test/vendor/laravel/framework/src/Illuminate/Foundation/Http/Middleware/TransformsRequest.php(21): Illuminate/Pipeline/Pipeline->Illuminate/Pipeline/{closure}(Object(Illuminate/Http/Request))
#30 E:/SQL_EXAM/SEM1_T2508M_Test/vendor/laravel/framework/src/Illuminate/Foundation/Http/Middleware/ConvertEmptyStringsToNull.php(31): Illuminate/Foundation/Http/Middleware/TransformsRequest->handle(Object(Illuminate/Http/Request), Object(Closure))
#31 E:/SQL_EXAM/SEM1_T2508M_Test/vendor/laravel/framework/src/Illuminate/Pipeline/Pipeline.php(219): Illuminate/Foundation/Http/Middleware/ConvertEmptyStringsToNull->handle(Object(Illuminate/Http/Request), Object(Closure))
#32 E:/SQL_EXAM/SEM1_T2508M_Test/vendor/laravel/framework/src/Illuminate/Foundation/Http/Middleware/TransformsRequest.php(21): Illuminate/Pipeline/Pipeline->Illuminate/Pipeline/{closure}(Object(Illuminate/Http/Request))
#33 E:/SQL_EXAM/SEM1_T2508M_Test/vendor/laravel/framework/src/Illuminate/Foundation/Http/Middleware/TrimStrings.php(51): Illuminate/Foundation/Http/Middleware/TransformsRequest->handle(Object(Illuminate/Http/Request), Object(Closure))
#34 E:/SQL_EXAM/SEM1_T2508M_Test/vendor/laravel/framework/src/Illuminate/Pipeline/Pipeline.php(219): Illuminate/Foundation/Http/Middleware/TrimStrings->handle(Object(Illuminate/Http/Request), Object(Closure))
#35 E:/SQL_EXAM/SEM1_T2508M_Test/vendor/laravel/framework/src/Illuminate/Http/Middleware/ValidatePostSize.php(27): Illuminate/Pipeline/Pipeline->Illuminate/Pipeline/{closure}(Object(Illuminate/Http/Request))
#36 E:/SQL_EXAM/SEM1_T2508M_Test/vendor/laravel/framework/src/Illuminate/Pipeline/Pipeline.php(219): Illuminate/Http/Middleware/ValidatePostSize->handle(Object(Illuminate/Http/Request), Object(Closure))
#37 E:/SQL_EXAM/SEM1_T2508M_Test/vendor/laravel/framework/src/Illuminate/Foundation/Http/Middleware/PreventRequestsDuringMaintenance.php(109): Illuminate/Pipeline/Pipeline->Illuminate/Pipeline/{closure}(Object(Illuminate/Http/Request))
#38 E:/SQL_EXAM/SEM1_T2508M_Test/vendor/laravel/framework/src/Illuminate/Pipeline/Pipeline.php(219): Illuminate/Foundation/Http/Middleware/PreventRequestsDuringMaintenance->handle(Object(Illuminate/Http/Request), Object(Closure))
#39 E:/SQL_EXAM/SEM1_T2508M_Test/vendor/laravel/framework/src/Illuminate/Http/Middleware/HandleCors.php(48): Illuminate/Pipeline/Pipeline->Illuminate/Pipeline/{closure}(Object(Illuminate/Http/Request))
#40 E:/SQL_EXAM/SEM1_T2508M_Test/vendor/laravel/framework/src/Illuminate/Pipeline/Pipeline.php(219): Illuminate/Http/Middleware/HandleCors->handle(Object(Illuminate/Http/Request), Object(Closure))
#41 E:/SQL_EXAM/SEM1_T2508M_Test/vendor/laravel/framework/src/Illuminate/Http/Middleware/TrustProxies.php(58): Illuminate/Pipeline/Pipeline->Illuminate/Pipeline/{closure}(Object(Illuminate/Http/Request))
#42 E:/SQL_EXAM/SEM1_T2508M_Test/vendor/laravel/framework/src/Illuminate/Pipeline/Pipeline.php(219): Illuminate/Http/Middleware/TrustProxies->handle(Object(Illuminate/Http/Request), Object(Closure))
#43 E:/SQL_EXAM/SEM1_T2508M_Test/vendor/laravel/framework/src/Illuminate/Foundation/Http/Middleware/InvokeDeferredCallbacks.php(22): Illuminate/Pipeline/Pipeline->Illuminate/Pipeline/{closure}(Object(Illuminate/Http/Request))
#44 E:/SQL_EXAM/SEM1_T2508M_Test/vendor/laravel/framework/src/Illuminate/Pipeline/Pipeline.php(219): Illuminate/Foundation/Http/Middleware/InvokeDeferredCallbacks->handle(Object(Illuminate/Http/Request), Object(Closure))
#45 E:/SQL_EXAM/SEM1_T2508M_Test/vendor/laravel/framework/src/Illuminate/Http/Middleware/ValidatePathEncoding.php(26): Illuminate/Pipeline/Pipeline->Illuminate/Pipeline/{closure}(Object(Illuminate/Http/Request))
#46 E:/SQL_EXAM/SEM1_T2508M_Test/vendor/laravel/framework/src/Illuminate/Pipeline/Pipeline.php(219): Illuminate/Http/Middleware/ValidatePathEncoding->handle(Object(Illuminate/Http/Request), Object(Closure))
#47 E:/SQL_EXAM/SEM1_T2508M_Test/vendor/laravel/framework/src/Illuminate/Pipeline/Pipeline.php(137): Illuminate/Pipeline/Pipeline->Illuminate/Pipeline/{closure}(Object(Illuminate/Http/Request))
#48 E:/SQL_EXAM/SEM1_T2508M_Test/vendor/laravel/framework/src/Illuminate/Foundation/Http/Kernel.php(175): Illuminate/Pipeline/Pipeline->then(Object(Closure))
#49 E:/SQL_EXAM/SEM1_T2508M_Test/vendor/laravel/framework/src/Illuminate/Foundation/Http/Kernel.php(144): Illuminate/Foundation/Http/Kernel->sendRequestThroughRouter(Object(Illuminate/Http/Request))
#50 E:/SQL_EXAM/SEM1_T2508M_Test/vendor/laravel/framework/src/Illuminate/Foundation/Application.php(1220): Illuminate/Foundation/Http/Kernel->handle(Object(Illuminate/Http/Request))
#51 E:/SQL_EXAM/SEM1_T2508M_Test/public/index.php(20): Illuminate/Foundation/Application->handleRequest(Object(Illuminate/Http/Request))
#52 E:/SQL_EXAM/SEM1_T2508M_Test/vendor/laravel/framework/src/Illuminate/Foundation/resources/server.php(23): require_once('E://SQL_EXAM//SEM...')
#53 {main}

[previous exception] [object] (PDOException(code: 1049): SQLSTATE[HY000] [1049] Unknown database 'v_store' at E:/SQL_EXAM/SEM1_T2508M_Test/vendor/laravel/framework/src/Illuminate/Database/Connectors/Connector.php:66)
[stacktrace]
#0 E:/SQL_EXAM/SEM1_T2508M_Test/vendor/laravel/framework/src/Illuminate/Database/Connectors/Connector.php(66): PDO->__construct('mysql:host=127....', 'root', Object(SensitiveParameterValue), Array)
#1 E:/SQL_EXAM/SEM1_T2508M_Test/vendor/laravel/framework/src/Illuminate/Database/Connectors/Connector.php(44): Illuminate/Database/Connectors/Connector->createPdoConnection('mysql:host=127....', 'root', Object(SensitiveParameterValue), Array)
#2 E:/SQL_EXAM/SEM1_T2508M_Test/vendor/laravel/framework/src/Illuminate/Database/Connectors/MySqlConnector.php(24): Illuminate/Database/Connectors/Connector->createConnection('mysql:host=127....', Array, Array)
#3 E:/SQL_EXAM/SEM1_T2508M_Test/vendor/laravel/framework/src/Illuminate/Database/Connectors/ConnectionFactory.php(184): Illuminate/Database/Connectors/MySqlConnector->connect(Array)
#4 [internal function]: Illuminate/Database/Connectors/ConnectionFactory->Illuminate/Database/Connectors/{closure}()
#5 E:/SQL_EXAM/SEM1_T2508M_Test/vendor/laravel/framework/src/Illuminate/Database/Connection.php(1250): call_user_func(Object(Closure))
#6 E:/SQL_EXAM/SEM1_T2508M_Test/vendor/laravel/framework/src/Illuminate/Database/Connection.php(518): Illuminate/Database/Connection->getPdo()
#7 E:/SQL_EXAM/SEM1_T2508M_Test/vendor/laravel/framework/src/Illuminate/Database/Connection.php(413): Illuminate/Database/Connection->getPdoForSelect(false)
#8 E:/SQL_EXAM/SEM1_T2508M_Test/vendor/laravel/framework/src/Illuminate/Database/Connection.php(820): Illuminate/Database/Connection->Illuminate/Database/{closure}('select * from `...', Array)
#9 E:/SQL_EXAM/SEM1_T2508M_Test/vendor/laravel/framework/src/Illuminate/Database/Connection.php(787): Illuminate/Database/Connection->runQueryCallback('select * from `...', Array, Object(Closure))
#10 E:/SQL_EXAM/SEM1_T2508M_Test/vendor/laravel/framework/src/Illuminate/Database/Connection.php(404): Illuminate/Database/Connection->run('select * from `...', Array, Object(Closure))
#11 E:/SQL_EXAM/SEM1_T2508M_Test/vendor/laravel/framework/src/Illuminate/Database/Query/Builder.php(3232): Illuminate/Database/Connection->select('select * from `...', Array, false)
#12 E:/SQL_EXAM/SEM1_T2508M_Test/vendor/laravel/framework/src/Illuminate/Database/Query/Builder.php(3217): Illuminate/Database/Query/Builder->runSelect()
#13 E:/SQL_EXAM/SEM1_T2508M_Test/vendor/laravel/framework/src/Illuminate/Database/Query/Builder.php(3807): Illuminate/Database/Query/Builder->Illuminate/Database/Query/{closure}()
#14 E:/SQL_EXAM/SEM1_T2508M_Test/vendor/laravel/framework/src/Illuminate/Database/Query/Builder.php(3216): Illuminate/Database/Query/Builder->onceWithColumns(Array, Object(Closure))
#15 E:/SQL_EXAM/SEM1_T2508M_Test/vendor/laravel/framework/src/Illuminate/Database/Concerns/BuildsQueries.php(366): Illuminate/Database/Query/Builder->get(Array)
#16 E:/SQL_EXAM/SEM1_T2508M_Test/vendor/laravel/framework/src/Illuminate/Database/Query/Builder.php(3139): Illuminate/Database/Query/Builder->first(Array)
#17 E:/SQL_EXAM/SEM1_T2508M_Test/vendor/laravel/framework/src/Illuminate/Session/DatabaseSessionHandler.php(96): Illuminate/Database/Query/Builder->find('m6B9qIEa9GV6pov...')
#18 E:/SQL_EXAM/SEM1_T2508M_Test/vendor/laravel/framework/src/Illuminate/Session/Store.php(126): Illuminate/Session/DatabaseSessionHandler->read('m6B9qIEa9GV6pov...')
#19 E:/SQL_EXAM/SEM1_T2508M_Test/vendor/laravel/framework/src/Illuminate/Session/Store.php(114): Illuminate/Session/Store->readFromHandler()
#20 E:/SQL_EXAM/SEM1_T2508M_Test/vendor/laravel/framework/src/Illuminate/Session/Store.php(98): Illuminate/Session/Store->loadSession()
#21 E:/SQL_EXAM/SEM1_T2508M_Test/vendor/laravel/framework/src/Illuminate/Session/Middleware/StartSession.php(146): Illuminate/Session/Store->start()
#22 E:/SQL_EXAM/SEM1_T2508M_Test/vendor/laravel/framework/src/Illuminate/Support/helpers.php(390): Illuminate/Session/Middleware/StartSession->Illuminate/Session/Middleware/{closure}(Object(Illuminate/Session/Store))
#23 E:/SQL_EXAM/SEM1_T2508M_Test/vendor/laravel/framework/src/Illuminate/Session/Middleware/StartSession.php(143): tap(Object(Illuminate/Session/Store), Object(Closure))
#24 E:/SQL_EXAM/SEM1_T2508M_Test/vendor/laravel/framework/src/Illuminate/Session/Middleware/StartSession.php(115): Illuminate/Session/Middleware/StartSession->startSession(Object(Illuminate/Http/Request), Object(Illuminate/Session/Store))
#25 E:/SQL_EXAM/SEM1_T2508M_Test/vendor/laravel/framework/src/Illuminate/Session/Middleware/StartSession.php(63): Illuminate/Session/Middleware/StartSession->handleStatefulRequest(Object(Illuminate/Http/Request), Object(Illuminate/Session/Store), Object(Closure))
#26 E:/SQL_EXAM/SEM1_T2508M_Test/vendor/laravel/framework/src/Illuminate/Pipeline/Pipeline.php(219): Illuminate/Session/Middleware/StartSession->handle(Object(Illuminate/Http/Request), Object(Closure))
#27 E:/SQL_EXAM/SEM1_T2508M_Test/vendor/laravel/framework/src/Illuminate/Cookie/Middleware/AddQueuedCookiesToResponse.php(36): Illuminate/Pipeline/Pipeline->Illuminate/Pipeline/{closure}(Object(Illuminate/Http/Request))
#28 E:/SQL_EXAM/SEM1_T2508M_Test/vendor/laravel/framework/src/Illuminate/Pipeline/Pipeline.php(219): Illuminate/Cookie/Middleware/AddQueuedCookiesToResponse->handle(Object(Illuminate/Http/Request), Object(Closure))
#29 E:/SQL_EXAM/SEM1_T2508M_Test/vendor/laravel/framework/src/Illuminate/Cookie/Middleware/EncryptCookies.php(74): Illuminate/Pipeline/Pipeline->Illuminate/Pipeline/{closure}(Object(Illuminate/Http/Request))
#30 E:/SQL_EXAM/SEM1_T2508M_Test/vendor/laravel/framework/src/Illuminate/Pipeline/Pipeline.php(219): Illuminate/Cookie/Middleware/EncryptCookies->handle(Object(Illuminate/Http/Request), Object(Closure))
#31 E:/SQL_EXAM/SEM1_T2508M_Test/vendor/laravel/framework/src/Illuminate/Pipeline/Pipeline.php(137): Illuminate/Pipeline/Pipeline->Illuminate/Pipeline/{closure}(Object(Illuminate/Http/Request))
#32 E:/SQL_EXAM/SEM1_T2508M_Test/vendor/laravel/framework/src/Illuminate/Routing/Router.php(821): Illuminate/Pipeline/Pipeline->then(Object(Closure))
#33 E:/SQL_EXAM/SEM1_T2508M_Test/vendor/laravel/framework/src/Illuminate/Routing/Router.php(800): Illuminate/Routing/Router->runRouteWithinStack(Object(Illuminate/Routing/Route), Object(Illuminate/Http/Request))
#34 E:/SQL_EXAM/SEM1_T2508M_Test/vendor/laravel/framework/src/Illuminate/Routing/Router.php(764): Illuminate/Routing/Router->runRoute(Object(Illuminate/Http/Request), Object(Illuminate/Routing/Route))
#35 E:/SQL_EXAM/SEM1_T2508M_Test/vendor/laravel/framework/src/Illuminate/Routing/Router.php(753): Illuminate/Routing/Router->dispatchToRoute(Object(Illuminate/Http/Request))
#36 E:/SQL_EXAM/SEM1_T2508M_Test/vendor/laravel/framework/src/Illuminate/Foundation/Http/Kernel.php(200): Illuminate/Routing/Router->dispatch(Object(Illuminate/Http/Request))
#37 E:/SQL_EXAM/SEM1_T2508M_Test/vendor/laravel/framework/src/Illuminate/Pipeline/Pipeline.php(180): Illuminate/Foundation/Http/Kernel->Illuminate/Foundation/Http/{closure}(Object(Illuminate/Http/Request))
#38 E:/SQL_EXAM/SEM1_T2508M_Test/vendor/laravel/framework/src/Illuminate/Foundation/Http/Middleware/TransformsRequest.php(21): Illuminate/Pipeline/Pipeline->Illuminate/Pipeline/{closure}(Object(Illuminate/Http/Request))
#39 E:/SQL_EXAM/SEM1_T2508M_Test/vendor/laravel/framework/src/Illuminate/Foundation/Http/Middleware/ConvertEmptyStringsToNull.php(31): Illuminate/Foundation/Http/Middleware/TransformsRequest->handle(Object(Illuminate/Http/Request), Object(Closure))
#40 E:/SQL_EXAM/SEM1_T2508M_Test/vendor/laravel/framework/src/Illuminate/Pipeline/Pipeline.php(219): Illuminate/Foundation/Http/Middleware/ConvertEmptyStringsToNull->handle(Object(Illuminate/Http/Request), Object(Closure))
#41 E:/SQL_EXAM/SEM1_T2508M_Test/vendor/laravel/framework/src/Illuminate/Foundation/Http/Middleware/TransformsRequest.php(21): Illuminate/Pipeline/Pipeline->Illuminate/Pipeline/{closure}(Object(Illuminate/Http/Request))
#42 E:/SQL_EXAM/SEM1_T2508M_Test/vendor/laravel/framework/src/Illuminate/Foundation/Http/Middleware/TrimStrings.php(51): Illuminate/Foundation/Http/Middleware/TransformsRequest->handle(Object(Illuminate/Http/Request), Object(Closure))
#43 E:/SQL_EXAM/SEM1_T2508M_Test/vendor/laravel/framework/src/Illuminate/Pipeline/Pipeline.php(219): Illuminate/Foundation/Http/Middleware/TrimStrings->handle(Object(Illuminate/Http/Request), Object(Closure))
#44 E:/SQL_EXAM/SEM1_T2508M_Test/vendor/laravel/framework/src/Illuminate/Http/Middleware/ValidatePostSize.php(27): Illuminate/Pipeline/Pipeline->Illuminate/Pipeline/{closure}(Object(Illuminate/Http/Request))
#45 E:/SQL_EXAM/SEM1_T2508M_Test/vendor/laravel/framework/src/Illuminate/Pipeline/Pipeline.php(219): Illuminate/Http/Middleware/ValidatePostSize->handle(Object(Illuminate/Http/Request), Object(Closure))
#46 E:/SQL_EXAM/SEM1_T2508M_Test/vendor/laravel/framework/src/Illuminate/Foundation/Http/Middleware/PreventRequestsDuringMaintenance.php(109): Illuminate/Pipeline/Pipeline->Illuminate/Pipeline/{closure}(Object(Illuminate/Http/Request))
#47 E:/SQL_EXAM/SEM1_T2508M_Test/vendor/laravel/framework/src/Illuminate/Pipeline/Pipeline.php(219): Illuminate/Foundation/Http/Middleware/PreventRequestsDuringMaintenance->handle(Object(Illuminate/Http/Request), Object(Closure))
#48 E:/SQL_EXAM/SEM1_T2508M_Test/vendor/laravel/framework/src/Illuminate/Http/Middleware/HandleCors.php(48): Illuminate/Pipeline/Pipeline->Illuminate/Pipeline/{closure}(Object(Illuminate/Http/Request))
#49 E:/SQL_EXAM/SEM1_T2508M_Test/vendor/laravel/framework/src/Illuminate/Pipeline/Pipeline.php(219): Illuminate/Http/Middleware/HandleCors->handle(Object(Illuminate/Http/Request), Object(Closure))
#50 E:/SQL_EXAM/SEM1_T2508M_Test/vendor/laravel/framework/src/Illuminate/Http/Middleware/TrustProxies.php(58): Illuminate/Pipeline/Pipeline->Illuminate/Pipeline/{closure}(Object(Illuminate/Http/Request))
#51 E:/SQL_EXAM/SEM1_T2508M_Test/vendor/laravel/framework/src/Illuminate/Pipeline/Pipeline.php(219): Illuminate/Http/Middleware/TrustProxies->handle(Object(Illuminate/Http/Request), Object(Closure))
#52 E:/SQL_EXAM/SEM1_T2508M_Test/vendor/laravel/framework/src/Illuminate/Foundation/Http/Middleware/InvokeDeferredCallbacks.php(22): Illuminate/Pipeline/Pipeline->Illuminate/Pipeline/{closure}(Object(Illuminate/Http/Request))
#53 E:/SQL_EXAM/SEM1_T2508M_Test/vendor/laravel/framework/src/Illuminate/Pipeline/Pipeline.php(219): Illuminate/Foundation/Http/Middleware/InvokeDeferredCallbacks->handle(Object(Illuminate/Http/Request), Object(Closure))
#54 E:/SQL_EXAM/SEM1_T2508M_Test/vendor/laravel/framework/src/Illuminate/Http/Middleware/ValidatePathEncoding.php(26): Illuminate/Pipeline/Pipeline->Illuminate/Pipeline/{closure}(Object(Illuminate/Http/Request))
#55 E:/SQL_EXAM/SEM1_T2508M_Test/vendor/laravel/framework/src/Illuminate/Pipeline/Pipeline.php(219): Illuminate/Http/Middleware/ValidatePathEncoding->handle(Object(Illuminate/Http/Request), Object(Closure))
#56 E:/SQL_EXAM/SEM1_T2508M_Test/vendor/laravel/framework/src/Illuminate/Pipeline/Pipeline.php(137): Illuminate/Pipeline/Pipeline->Illuminate/Pipeline/{closure}(Object(Illuminate/Http/Request))
#57 E:/SQL_EXAM/SEM1_T2508M_Test/vendor/laravel/framework/src/Illuminate/Foundation/Http/Kernel.php(175): Illuminate/Pipeline/Pipeline->then(Object(Closure))
#58 E:/SQL_EXAM/SEM1_T2508M_Test/vendor/laravel/framework/src/Illuminate/Foundation/Http/Kernel.php(144): Illuminate/Foundation/Http/Kernel->sendRequestThroughRouter(Object(Illuminate/Http/Request))
#59 E:/SQL_EXAM/SEM1_T2508M_Test/vendor/laravel/framework/src/Illuminate/Foundation/Application.php(1220): Illuminate/Foundation/Http/Kernel->handle(Object(Illuminate/Http/Request))
#60 E:/SQL_EXAM/SEM1_T2508M_Test/public/index.php(20): Illuminate/Foundation/Application->handleRequest(Object(Illuminate/Http/Request))
#61 E:/SQL_EXAM/SEM1_T2508M_Test/vendor/laravel/framework/src/Illuminate/Foundation/resources/server.php(23): require_once('E://SQL_EXAM//SEM...')
#62 {main}
"} 
[2026-01-09 03:10:37] local.ERROR: SQLSTATE[HY000] [1049] Unknown database 'v_store' (Connection: mysql, Host: 127.0.0.1, Port: 3306, Database: v_store, SQL: select * from `sessions` where `id` = MK6E4iSRwtEoztIkJlGwG1PiSkPxfibPmCAAkTe9 limit 1) {"exception":"[object] (Illuminate\\Database\\QueryException(code: 1049): SQLSTATE[HY000] [1049] Unknown database 'v_store' (Connection: mysql, Host: 127.0.0.1, Port: 3306, Database: v_store, SQL: select * from `sessions` where `id` = MK6E4iSRwtEoztIkJlGwG1PiSkPxfibPmCAAkTe9 limit 1) at E:/SQL_EXAM/SEM1_T2508M_Test/vendor/laravel/framework/src/Illuminate/Database/Connection.php:831)
[stacktrace]
#0 E:/SQL_EXAM/SEM1_T2508M_Test/vendor/laravel/framework/src/Illuminate/Database/Connection.php(787): Illuminate/Database/Connection->runQueryCallback('select * from `...', Array, Object(Closure))
#1 E:/SQL_EXAM/SEM1_T2508M_Test/vendor/laravel/framework/src/Illuminate/Database/Connection.php(404): Illuminate/Database/Connection->run('select * from `...', Array, Object(Closure))
#2 E:/SQL_EXAM/SEM1_T2508M_Test/vendor/laravel/framework/src/Illuminate/Database/Query/Builder.php(3232): Illuminate/Database/Connection->select('select * from `...', Array, false)
#3 E:/SQL_EXAM/SEM1_T2508M_Test/vendor/laravel/framework/src/Illuminate/Database/Query/Builder.php(3217): Illuminate/Database/Query/Builder->runSelect()
#4 E:/SQL_EXAM/SEM1_T2508M_Test/vendor/laravel/framework/src/Illuminate/Database/Query/Builder.php(3807): Illuminate/Database/Query/Builder->Illuminate/Database/Query/{closure}()
#5 E:/SQL_EXAM/SEM1_T2508M_Test/vendor/laravel/framework/src/Illuminate/Database/Query/Builder.php(3216): Illuminate/Database/Query/Builder->onceWithColumns(Array, Object(Closure))
#6 E:/SQL_EXAM/SEM1_T2508M_Test/vendor/laravel/framework/src/Illuminate/Database/Concerns/BuildsQueries.php(366): Illuminate/Database/Query/Builder->get(Array)
#7 E:/SQL_EXAM/SEM1_T2508M_Test/vendor/laravel/framework/src/Illuminate/Database/Query/Builder.php(3139): Illuminate/Database/Query/Builder->first(Array)
#8 E:/SQL_EXAM/SEM1_T2508M_Test/vendor/laravel/framework/src/Illuminate/Session/DatabaseSessionHandler.php(96): Illuminate/Database/Query/Builder->find('MK6E4iSRwtEoztI...')
#9 E:/SQL_EXAM/SEM1_T2508M_Test/vendor/laravel/framework/src/Illuminate/Session/Store.php(126): Illuminate/Session/DatabaseSessionHandler->read('MK6E4iSRwtEoztI...')
#10 E:/SQL_EXAM/SEM1_T2508M_Test/vendor/laravel/framework/src/Illuminate/Session/Store.php(114): Illuminate/Session/Store->readFromHandler()
#11 E:/SQL_EXAM/SEM1_T2508M_Test/vendor/laravel/framework/src/Illuminate/Session/Store.php(98): Illuminate/Session/Store->loadSession()
#12 E:/SQL_EXAM/SEM1_T2508M_Test/vendor/laravel/framework/src/Illuminate/Session/Middleware/StartSession.php(146): Illuminate/Session/Store->start()
#13 E:/SQL_EXAM/SEM1_T2508M_Test/vendor/laravel/framework/src/Illuminate/Support/helpers.php(390): Illuminate/Session/Middleware/StartSession->Illuminate/Session/Middleware/{closure}(Object(Illuminate/Session/Store))
#14 E:/SQL_EXAM/SEM1_T2508M_Test/vendor/laravel/framework/src/Illuminate/Session/Middleware/StartSession.php(143): tap(Object(Illuminate/Session/Store), Object(Closure))
#15 E:/SQL_EXAM/SEM1_T2508M_Test/vendor/laravel/framework/src/Illuminate/Session/Middleware/StartSession.php(115): Illuminate/Session/Middleware/StartSession->startSession(Object(Illuminate/Http/Request), Object(Illuminate/Session/Store))
#16 E:/SQL_EXAM/SEM1_T2508M_Test/vendor/laravel/framework/src/Illuminate/Session/Middleware/StartSession.php(63): Illuminate/Session/Middleware/StartSession->handleStatefulRequest(Object(Illuminate/Http/Request), Object(Illuminate/Session/Store), Object(Closure))
#17 E:/SQL_EXAM/SEM1_T2508M_Test/vendor/laravel/framework/src/Illuminate/Pipeline/Pipeline.php(219): Illuminate/Session/Middleware/StartSession->handle(Object(Illuminate/Http/Request), Object(Closure))
#18 E:/SQL_EXAM/SEM1_T2508M_Test/vendor/laravel/framework/src/Illuminate/Cookie/Middleware/AddQueuedCookiesToResponse.php(36): Illuminate/Pipeline/Pipeline->Illuminate/Pipeline/{closure}(Object(Illuminate/Http/Request))
#19 E:/SQL_EXAM/SEM1_T2508M_Test/vendor/laravel/framework/src/Illuminate/Pipeline/Pipeline.php(219): Illuminate/Cookie/Middleware/AddQueuedCookiesToResponse->handle(Object(Illuminate/Http/Request), Object(Closure))
#20 E:/SQL_EXAM/SEM1_T2508M_Test/vendor/laravel/framework/src/Illuminate/Cookie/Middleware/EncryptCookies.php(74): Illuminate/Pipeline/Pipeline->Illuminate/Pipeline/{closure}(Object(Illuminate/Http/Request))
#21 E:/SQL_EXAM/SEM1_T2508M_Test/vendor/laravel/framework/src/Illuminate/Pipeline/Pipeline.php(219): Illuminate/Cookie/Middleware/EncryptCookies->handle(Object(Illuminate/Http/Request), Object(Closure))
#22 E:/SQL_EXAM/SEM1_T2508M_Test/vendor/laravel/framework/src/Illuminate/Pipeline/Pipeline.php(137): Illuminate/Pipeline/Pipeline->Illuminate/Pipeline/{closure}(Object(Illuminate/Http/Request))
#23 E:/SQL_EXAM/SEM1_T2508M_Test/vendor/laravel/framework/src/Illuminate/Routing/Router.php(821): Illuminate/Pipeline/Pipeline->then(Object(Closure))
#24 E:/SQL_EXAM/SEM1_T2508M_Test/vendor/laravel/framework/src/Illuminate/Routing/Router.php(800): Illuminate/Routing/Router->runRouteWithinStack(Object(Illuminate/Routing/Route), Object(Illuminate/Http/Request))
#25 E:/SQL_EXAM/SEM1_T2508M_Test/vendor/laravel/framework/src/Illuminate/Routing/Router.php(764): Illuminate/Routing/Router->runRoute(Object(Illuminate/Http/Request), Object(Illuminate/Routing/Route))
#26 E:/SQL_EXAM/SEM1_T2508M_Test/vendor/laravel/framework/src/Illuminate/Routing/Router.php(753): Illuminate/Routing/Router->dispatchToRoute(Object(Illuminate/Http/Request))
#27 E:/SQL_EXAM/SEM1_T2508M_Test/vendor/laravel/framework/src/Illuminate/Foundation/Http/Kernel.php(200): Illuminate/Routing/Router->dispatch(Object(Illuminate/Http/Request))
#28 E:/SQL_EXAM/SEM1_T2508M_Test/vendor/laravel/framework/src/Illuminate/Pipeline/Pipeline.php(180): Illuminate/Foundation/Http/Kernel->Illuminate/Foundation/Http/{closure}(Object(Illuminate/Http/Request))
#29 E:/SQL_EXAM/SEM1_T2508M_Test/vendor/laravel/framework/src/Illuminate/Foundation/Http/Middleware/TransformsRequest.php(21): Illuminate/Pipeline/Pipeline->Illuminate/Pipeline/{closure}(Object(Illuminate/Http/Request))
#30 E:/SQL_EXAM/SEM1_T2508M_Test/vendor/laravel/framework/src/Illuminate/Foundation/Http/Middleware/ConvertEmptyStringsToNull.php(31): Illuminate/Foundation/Http/Middleware/TransformsRequest->handle(Object(Illuminate/Http/Request), Object(Closure))
#31 E:/SQL_EXAM/SEM1_T2508M_Test/vendor/laravel/framework/src/Illuminate/Pipeline/Pipeline.php(219): Illuminate/Foundation/Http/Middleware/ConvertEmptyStringsToNull->handle(Object(Illuminate/Http/Request), Object(Closure))
#32 E:/SQL_EXAM/SEM1_T2508M_Test/vendor/laravel/framework/src/Illuminate/Foundation/Http/Middleware/TransformsRequest.php(21): Illuminate/Pipeline/Pipeline->Illuminate/Pipeline/{closure}(Object(Illuminate/Http/Request))
#33 E:/SQL_EXAM/SEM1_T2508M_Test/vendor/laravel/framework/src/Illuminate/Foundation/Http/Middleware/TrimStrings.php(51): Illuminate/Foundation/Http/Middleware/TransformsRequest->handle(Object(Illuminate/Http/Request), Object(Closure))
#34 E:/SQL_EXAM/SEM1_T2508M_Test/vendor/laravel/framework/src/Illuminate/Pipeline/Pipeline.php(219): Illuminate/Foundation/Http/Middleware/TrimStrings->handle(Object(Illuminate/Http/Request), Object(Closure))
#35 E:/SQL_EXAM/SEM1_T2508M_Test/vendor/laravel/framework/src/Illuminate/Http/Middleware/ValidatePostSize.php(27): Illuminate/Pipeline/Pipeline->Illuminate/Pipeline/{closure}(Object(Illuminate/Http/Request))
#36 E:/SQL_EXAM/SEM1_T2508M_Test/vendor/laravel/framework/src/Illuminate/Pipeline/Pipeline.php(219): Illuminate/Http/Middleware/ValidatePostSize->handle(Object(Illuminate/Http/Request), Object(Closure))
#37 E:/SQL_EXAM/SEM1_T2508M_Test/vendor/laravel/framework/src/Illuminate/Foundation/Http/Middleware/PreventRequestsDuringMaintenance.php(109): Illuminate/Pipeline/Pipeline->Illuminate/Pipeline/{closure}(Object(Illuminate/Http/Request))
#38 E:/SQL_EXAM/SEM1_T2508M_Test/vendor/laravel/framework/src/Illuminate/Pipeline/Pipeline.php(219): Illuminate/Foundation/Http/Middleware/PreventRequestsDuringMaintenance->handle(Object(Illuminate/Http/Request), Object(Closure))
#39 E:/SQL_EXAM/SEM1_T2508M_Test/vendor/laravel/framework/src/Illuminate/Http/Middleware/HandleCors.php(48): Illuminate/Pipeline/Pipeline->Illuminate/Pipeline/{closure}(Object(Illuminate/Http/Request))
#40 E:/SQL_EXAM/SEM1_T2508M_Test/vendor/laravel/framework/src/Illuminate/Pipeline/Pipeline.php(219): Illuminate/Http/Middleware/HandleCors->handle(Object(Illuminate/Http/Request), Object(Closure))
#41 E:/SQL_EXAM/SEM1_T2508M_Test/vendor/laravel/framework/src/Illuminate/Http/Middleware/TrustProxies.php(58): Illuminate/Pipeline/Pipeline->Illuminate/Pipeline/{closure}(Object(Illuminate/Http/Request))
#42 E:/SQL_EXAM/SEM1_T2508M_Test/vendor/laravel/framework/src/Illuminate/Pipeline/Pipeline.php(219): Illuminate/Http/Middleware/TrustProxies->handle(Object(Illuminate/Http/Request), Object(Closure))
#43 E:/SQL_EXAM/SEM1_T2508M_Test/vendor/laravel/framework/src/Illuminate/Foundation/Http/Middleware/InvokeDeferredCallbacks.php(22): Illuminate/Pipeline/Pipeline->Illuminate/Pipeline/{closure}(Object(Illuminate/Http/Request))
#44 E:/SQL_EXAM/SEM1_T2508M_Test/vendor/laravel/framework/src/Illuminate/Pipeline/Pipeline.php(219): Illuminate/Foundation/Http/Middleware/InvokeDeferredCallbacks->handle(Object(Illuminate/Http/Request), Object(Closure))
#45 E:/SQL_EXAM/SEM1_T2508M_Test/vendor/laravel/framework/src/Illuminate/Http/Middleware/ValidatePathEncoding.php(26): Illuminate/Pipeline/Pipeline->Illuminate/Pipeline/{closure}(Object(Illuminate/Http/Request))
#46 E:/SQL_EXAM/SEM1_T2508M_Test/vendor/laravel/framework/src/Illuminate/Pipeline/Pipeline.php(219): Illuminate/Http/Middleware/ValidatePathEncoding->handle(Object(Illuminate/Http/Request), Object(Closure))
#47 E:/SQL_EXAM/SEM1_T2508M_Test/vendor/laravel/framework/src/Illuminate/Pipeline/Pipeline.php(137): Illuminate/Pipeline/Pipeline->Illuminate/Pipeline/{closure}(Object(Illuminate/Http/Request))
#48 E:/SQL_EXAM/SEM1_T2508M_Test/vendor/laravel/framework/src/Illuminate/Foundation/Http/Kernel.php(175): Illuminate/Pipeline/Pipeline->then(Object(Closure))
#49 E:/SQL_EXAM/SEM1_T2508M_Test/vendor/laravel/framework/src/Illuminate/Foundation/Http/Kernel.php(144): Illuminate/Foundation/Http/Kernel->sendRequestThroughRouter(Object(Illuminate/Http/Request))
#50 E:/SQL_EXAM/SEM1_T2508M_Test/vendor/laravel/framework/src/Illuminate/Foundation/Application.php(1220): Illuminate/Foundation/Http/Kernel->handle(Object(Illuminate/Http/Request))
#51 E:/SQL_EXAM/SEM1_T2508M_Test/public/index.php(20): Illuminate/Foundation/Application->handleRequest(Object(Illuminate/Http/Request))
#52 E:/SQL_EXAM/SEM1_T2508M_Test/vendor/laravel/framework/src/Illuminate/Foundation/resources/server.php(23): require_once('E://SQL_EXAM//SEM...')
#53 {main}

[previous exception] [object] (PDOException(code: 1049): SQLSTATE[HY000] [1049] Unknown database 'v_store' at E:/SQL_EXAM/SEM1_T2508M_Test/vendor/laravel/framework/src/Illuminate/Database/Connectors/Connector.php:66)
[stacktrace]
#0 E:/SQL_EXAM/SEM1_T2508M_Test/vendor/laravel/framework/src/Illuminate/Database/Connectors/Connector.php(66): PDO->__construct('mysql:host=127....', 'root', Object(SensitiveParameterValue), Array)
#1 E:/SQL_EXAM/SEM1_T2508M_Test/vendor/laravel/framework/src/Illuminate/Database/Connectors/Connector.php(44): Illuminate/Database/Connectors/Connector->createPdoConnection('mysql:host=127....', 'root', Object(SensitiveParameterValue), Array)
#2 E:/SQL_EXAM/SEM1_T2508M_Test/vendor/laravel/framework/src/Illuminate/Database/Connectors/MySqlConnector.php(24): Illuminate/Database/Connectors/Connector->createConnection('mysql:host=127....', Array, Array)
#3 E:/SQL_EXAM/SEM1_T2508M_Test/vendor/laravel/framework/src/Illuminate/Database/Connectors/ConnectionFactory.php(184): Illuminate/Database/Connectors/MySqlConnector->connect(Array)
#4 [internal function]: Illuminate/Database/Connectors/ConnectionFactory->Illuminate/Database/Connectors/{closure}()
#5 E:/SQL_EXAM/SEM1_T2508M_Test/vendor/laravel/framework/src/Illuminate/Database/Connection.php(1250): call_user_func(Object(Closure))
#6 E:/SQL_EXAM/SEM1_T2508M_Test/vendor/laravel/framework/src/Illuminate/Database/Connection.php(518): Illuminate/Database/Connection->getPdo()
#7 E:/SQL_EXAM/SEM1_T2508M_Test/vendor/laravel/framework/src/Illuminate/Database/Connection.php(413): Illuminate/Database/Connection->getPdoForSelect(false)
#8 E:/SQL_EXAM/SEM1_T2508M_Test/vendor/laravel/framework/src/Illuminate/Database/Connection.php(820): Illuminate/Database/Connection->Illuminate/Database/{closure}('select * from `...', Array)
#9 E:/SQL_EXAM/SEM1_T2508M_Test/vendor/laravel/framework/src/Illuminate/Database/Connection.php(787): Illuminate/Database/Connection->runQueryCallback('select * from `...', Array, Object(Closure))
#10 E:/SQL_EXAM/SEM1_T2508M_Test/vendor/laravel/framework/src/Illuminate/Database/Connection.php(404): Illuminate/Database/Connection->run('select * from `...', Array, Object(Closure))
#11 E:/SQL_EXAM/SEM1_T2508M_Test/vendor/laravel/framework/src/Illuminate/Database/Query/Builder.php(3232): Illuminate/Database/Connection->select('select * from `...', Array, false)
#12 E:/SQL_EXAM/SEM1_T2508M_Test/vendor/laravel/framework/src/Illuminate/Database/Query/Builder.php(3217): Illuminate/Database/Query/Builder->runSelect()
#13 E:/SQL_EXAM/SEM1_T2508M_Test/vendor/laravel/framework/src/Illuminate/Database/Query/Builder.php(3807): Illuminate/Database/Query/Builder->Illuminate/Database/Query/{closure}()
#14 E:/SQL_EXAM/SEM1_T2508M_Test/vendor/laravel/framework/src/Illuminate/Database/Query/Builder.php(3216): Illuminate/Database/Query/Builder->onceWithColumns(Array, Object(Closure))
#15 E:/SQL_EXAM/SEM1_T2508M_Test/vendor/laravel/framework/src/Illuminate/Database/Concerns/BuildsQueries.php(366): Illuminate/Database/Query/Builder->get(Array)
#16 E:/SQL_EXAM/SEM1_T2508M_Test/vendor/laravel/framework/src/Illuminate/Database/Query/Builder.php(3139): Illuminate/Database/Query/Builder->first(Array)
#17 E:/SQL_EXAM/SEM1_T2508M_Test/vendor/laravel/framework/src/Illuminate/Session/DatabaseSessionHandler.php(96): Illuminate/Database/Query/Builder->find('MK6E4iSRwtEoztI...')
#18 E:/SQL_EXAM/SEM1_T2508M_Test/vendor/laravel/framework/src/Illuminate/Session/Store.php(126): Illuminate/Session/DatabaseSessionHandler->read('MK6E4iSRwtEoztI...')
#19 E:/SQL_EXAM/SEM1_T2508M_Test/vendor/laravel/framework/src/Illuminate/Session/Store.php(114): Illuminate/Session/Store->readFromHandler()
#20 E:/SQL_EXAM/SEM1_T2508M_Test/vendor/laravel/framework/src/Illuminate/Session/Store.php(98): Illuminate/Session/Store->loadSession()
#21 E:/SQL_EXAM/SEM1_T2508M_Test/vendor/laravel/framework/src/Illuminate/Session/Middleware/StartSession.php(146): Illuminate/Session/Store->start()
#22 E:/SQL_EXAM/SEM1_T2508M_Test/vendor/laravel/framework/src/Illuminate/Support/helpers.php(390): Illuminate/Session/Middleware/StartSession->Illuminate/Session/Middleware/{closure}(Object(Illuminate/Session/Store))
#23 E:/SQL_EXAM/SEM1_T2508M_Test/vendor/laravel/framework/src/Illuminate/Session/Middleware/StartSession.php(143): tap(Object(Illuminate/Session/Store), Object(Closure))
#24 E:/SQL_EXAM/SEM1_T2508M_Test/vendor/laravel/framework/src/Illuminate/Session/Middleware/StartSession.php(115): Illuminate/Session/Middleware/StartSession->startSession(Object(Illuminate/Http/Request), Object(Illuminate/Session/Store))
#25 E:/SQL_EXAM/SEM1_T2508M_Test/vendor/laravel/framework/src/Illuminate/Session/Middleware/StartSession.php(63): Illuminate/Session/Middleware/StartSession->handleStatefulRequest(Object(Illuminate/Http/Request), Object(Illuminate/Session/Store), Object(Closure))
#26 E:/SQL_EXAM/SEM1_T2508M_Test/vendor/laravel/framework/src/Illuminate/Pipeline/Pipeline.php(219): Illuminate/Session/Middleware/StartSession->handle(Object(Illuminate/Http/Request), Object(Closure))
#27 E:/SQL_EXAM/SEM1_T2508M_Test/vendor/laravel/framework/src/Illuminate/Cookie/Middleware/AddQueuedCookiesToResponse.php(36): Illuminate/Pipeline/Pipeline->Illuminate/Pipeline/{closure}(Object(Illuminate/Http/Request))
#28 E:/SQL_EXAM/SEM1_T2508M_Test/vendor/laravel/framework/src/Illuminate/Pipeline/Pipeline.php(219): Illuminate/Cookie/Middleware/AddQueuedCookiesToResponse->handle(Object(Illuminate/Http/Request), Object(Closure))
#29 E:/SQL_EXAM/SEM1_T2508M_Test/vendor/laravel/framework/src/Illuminate/Cookie/Middleware/EncryptCookies.php(74): Illuminate/Pipeline/Pipeline->Illuminate/Pipeline/{closure}(Object(Illuminate/Http/Request))
#30 E:/SQL_EXAM/SEM1_T2508M_Test/vendor/laravel/framework/src/Illuminate/Pipeline/Pipeline.php(219): Illuminate/Cookie/Middleware/EncryptCookies->handle(Object(Illuminate/Http/Request), Object(Closure))
#31 E:/SQL_EXAM/SEM1_T2508M_Test/vendor/laravel/framework/src/Illuminate/Pipeline/Pipeline.php(137): Illuminate/Pipeline/Pipeline->Illuminate/Pipeline/{closure}(Object(Illuminate/Http/Request))
#32 E:/SQL_EXAM/SEM1_T2508M_Test/vendor/laravel/framework/src/Illuminate/Routing/Router.php(821): Illuminate/Pipeline/Pipeline->then(Object(Closure))
#33 E:/SQL_EXAM/SEM1_T2508M_Test/vendor/laravel/framework/src/Illuminate/Routing/Router.php(800): Illuminate/Routing/Router->runRouteWithinStack(Object(Illuminate/Routing/Route), Object(Illuminate/Http/Request))
#34 E:/SQL_EXAM/SEM1_T2508M_Test/vendor/laravel/framework/src/Illuminate/Routing/Router.php(764): Illuminate/Routing/Router->runRoute(Object(Illuminate/Http/Request), Object(Illuminate/Routing/Route))
#35 E:/SQL_EXAM/SEM1_T2508M_Test/vendor/laravel/framework/src/Illuminate/Routing/Router.php(753): Illuminate/Routing/Router->dispatchToRoute(Object(Illuminate/Http/Request))
#36 E:/SQL_EXAM/SEM1_T2508M_Test/vendor/laravel/framework/src/Illuminate/Foundation/Http/Kernel.php(200): Illuminate/Routing/Router->dispatch(Object(Illuminate/Http/Request))
#37 E:/SQL_EXAM/SEM1_T2508M_Test/vendor/laravel/framework/src/Illuminate/Pipeline/Pipeline.php(180): Illuminate/Foundation/Http/Kernel->Illuminate/Foundation/Http/{closure}(Object(Illuminate/Http/Request))
#38 E:/SQL_EXAM/SEM1_T2508M_Test/vendor/laravel/framework/src/Illuminate/Foundation/Http/Middleware/TransformsRequest.php(21): Illuminate/Pipeline/Pipeline->Illuminate/Pipeline/{closure}(Object(Illuminate/Http/Request))
#39 E:/SQL_EXAM/SEM1_T2508M_Test/vendor/laravel/framework/src/Illuminate/Foundation/Http/Middleware/ConvertEmptyStringsToNull.php(31): Illuminate/Foundation/Http/Middleware/TransformsRequest->handle(Object(Illuminate/Http/Request), Object(Closure))
#40 E:/SQL_EXAM/SEM1_T2508M_Test/vendor/laravel/framework/src/Illuminate/Pipeline/Pipeline.php(219): Illuminate/Foundation/Http/Middleware/ConvertEmptyStringsToNull->handle(Object(Illuminate/Http/Request), Object(Closure))
#41 E:/SQL_EXAM/SEM1_T2508M_Test/vendor/laravel/framework/src/Illuminate/Foundation/Http/Middleware/TransformsRequest.php(21): Illuminate/Pipeline/Pipeline->Illuminate/Pipeline/{closure}(Object(Illuminate/Http/Request))
#42 E:/SQL_EXAM/SEM1_T2508M_Test/vendor/laravel/framework/src/Illuminate/Foundation/Http/Middleware/TrimStrings.php(51): Illuminate/Foundation/Http/Middleware/TransformsRequest->handle(Object(Illuminate/Http/Request), Object(Closure))
#43 E:/SQL_EXAM/SEM1_T2508M_Test/vendor/laravel/framework/src/Illuminate/Pipeline/Pipeline.php(219): Illuminate/Foundation/Http/Middleware/TrimStrings->handle(Object(Illuminate/Http/Request), Object(Closure))
#44 E:/SQL_EXAM/SEM1_T2508M_Test/vendor/laravel/framework/src/Illuminate/Http/Middleware/ValidatePostSize.php(27): Illuminate/Pipeline/Pipeline->Illuminate/Pipeline/{closure}(Object(Illuminate/Http/Request))
#45 E:/SQL_EXAM/SEM1_T2508M_Test/vendor/laravel/framework/src/Illuminate/Pipeline/Pipeline.php(219): Illuminate/Http/Middleware/ValidatePostSize->handle(Object(Illuminate/Http/Request), Object(Closure))
#46 E:/SQL_EXAM/SEM1_T2508M_Test/vendor/laravel/framework/src/Illuminate/Foundation/Http/Middleware/PreventRequestsDuringMaintenance.php(109): Illuminate/Pipeline/Pipeline->Illuminate/Pipeline/{closure}(Object(Illuminate/Http/Request))
#47 E:/SQL_EXAM/SEM1_T2508M_Test/vendor/laravel/framework/src/Illuminate/Pipeline/Pipeline.php(219): Illuminate/Foundation/Http/Middleware/PreventRequestsDuringMaintenance->handle(Object(Illuminate/Http/Request), Object(Closure))
#48 E:/SQL_EXAM/SEM1_T2508M_Test/vendor/laravel/framework/src/Illuminate/Http/Middleware/HandleCors.php(48): Illuminate/Pipeline/Pipeline->Illuminate/Pipeline/{closure}(Object(Illuminate/Http/Request))
#49 E:/SQL_EXAM/SEM1_T2508M_Test/vendor/laravel/framework/src/Illuminate/Pipeline/Pipeline.php(219): Illuminate/Http/Middleware/HandleCors->handle(Object(Illuminate/Http/Request), Object(Closure))
#50 E:/SQL_EXAM/SEM1_T2508M_Test/vendor/laravel/framework/src/Illuminate/Http/Middleware/TrustProxies.php(58): Illuminate/Pipeline/Pipeline->Illuminate/Pipeline/{closure}(Object(Illuminate/Http/Request))
#51 E:/SQL_EXAM/SEM1_T2508M_Test/vendor/laravel/framework/src/Illuminate/Pipeline/Pipeline.php(219): Illuminate/Http/Middleware/TrustProxies->handle(Object(Illuminate/Http/Request), Object(Closure))
#52 E:/SQL_EXAM/SEM1_T2508M_Test/vendor/laravel/framework/src/Illuminate/Foundation/Http/Middleware/InvokeDeferredCallbacks.php(22): Illuminate/Pipeline/Pipeline->Illuminate/Pipeline/{closure}(Object(Illuminate/Http/Request))
#53 E:/SQL_EXAM/SEM1_T2508M_Test/vendor/laravel/framework/src/Illuminate/Pipeline/Pipeline.php(219): Illuminate/Foundation/Http/Middleware/InvokeDeferredCallbacks->handle(Object(Illuminate/Http/Request), Object(Closure))
#54 E:/SQL_EXAM/SEM1_T2508M_Test/vendor/laravel/framework/src/Illuminate/Http/Middleware/ValidatePathEncoding.php(26): Illuminate/Pipeline/Pipeline->Illuminate/Pipeline/{closure}(Object(Illuminate/Http/Request))
#55 E:/SQL_EXAM/SEM1_T2508M_Test/vendor/laravel/framework/src/Illuminate/Pipeline/Pipeline.php(219): Illuminate/Http/Middleware/ValidatePathEncoding->handle(Object(Illuminate/Http/Request), Object(Closure))
#56 E:/SQL_EXAM/SEM1_T2508M_Test/vendor/laravel/framework/src/Illuminate/Pipeline/Pipeline.php(137): Illuminate/Pipeline/Pipeline->Illuminate/Pipeline/{closure}(Object(Illuminate/Http/Request))
#57 E:/SQL_EXAM/SEM1_T2508M_Test/vendor/laravel/framework/src/Illuminate/Foundation/Http/Kernel.php(175): Illuminate/Pipeline/Pipeline->then(Object(Closure))
#58 E:/SQL_EXAM/SEM1_T2508M_Test/vendor/laravel/framework/src/Illuminate/Foundation/Http/Kernel.php(144): Illuminate/Foundation/Http/Kernel->sendRequestThroughRouter(Object(Illuminate/Http/Request))
#59 E:/SQL_EXAM/SEM1_T2508M_Test/vendor/laravel/framework/src/Illuminate/Foundation/Application.php(1220): Illuminate/Foundation/Http/Kernel->handle(Object(Illuminate/Http/Request))
#60 E:/SQL_EXAM/SEM1_T2508M_Test/public/index.php(20): Illuminate/Foundation/Application->handleRequest(Object(Illuminate/Http/Request))
#61 E:/SQL_EXAM/SEM1_T2508M_Test/vendor/laravel/framework/src/Illuminate/Foundation/resources/server.php(23): require_once('E://SQL_EXAM//SEM...')
#62 {main}
"} 
[2026-01-09 03:12:03] local.ERROR: SQLSTATE[HY000] [1049] Unknown database 'v_store' (Connection: mysql, Host: 127.0.0.1, Port: 3306, Database: v_store, SQL: select * from `sessions` where `id` = C5FnbfA5g78lsfP9Pp9P8MrcBKcJopsmTNDp2Cvw limit 1) {"exception":"[object] (Illuminate\\Database\\QueryException(code: 1049): SQLSTATE[HY000] [1049] Unknown database 'v_store' (Connection: mysql, Host: 127.0.0.1, Port: 3306, Database: v_store, SQL: select * from `sessions` where `id` = C5FnbfA5g78lsfP9Pp9P8MrcBKcJopsmTNDp2Cvw limit 1) at E:/SQL_EXAM/SEM1_T2508M_Test/vendor/laravel/framework/src/Illuminate/Database/Connection.php:831)
[stacktrace]
#0 E:/SQL_EXAM/SEM1_T2508M_Test/vendor/laravel/framework/src/Illuminate/Database/Connection.php(787): Illuminate/Database/Connection->runQueryCallback('select * from `...', Array, Object(Closure))
#1 E:/SQL_EXAM/SEM1_T2508M_Test/vendor/laravel/framework/src/Illuminate/Database/Connection.php(404): Illuminate/Database/Connection->run('select * from `...', Array, Object(Closure))
#2 E:/SQL_EXAM/SEM1_T2508M_Test/vendor/laravel/framework/src/Illuminate/Database/Query/Builder.php(3232): Illuminate/Database/Connection->select('select * from `...', Array, false)
#3 E:/SQL_EXAM/SEM1_T2508M_Test/vendor/laravel/framework/src/Illuminate/Database/Query/Builder.php(3217): Illuminate/Database/Query/Builder->runSelect()
#4 E:/SQL_EXAM/SEM1_T2508M_Test/vendor/laravel/framework/src/Illuminate/Database/Query/Builder.php(3807): Illuminate/Database/Query/Builder->Illuminate/Database/Query/{closure}()
#5 E:/SQL_EXAM/SEM1_T2508M_Test/vendor/laravel/framework/src/Illuminate/Database/Query/Builder.php(3216): Illuminate/Database/Query/Builder->onceWithColumns(Array, Object(Closure))
#6 E:/SQL_EXAM/SEM1_T2508M_Test/vendor/laravel/framework/src/Illuminate/Database/Concerns/BuildsQueries.php(366): Illuminate/Database/Query/Builder->get(Array)
#7 E:/SQL_EXAM/SEM1_T2508M_Test/vendor/laravel/framework/src/Illuminate/Database/Query/Builder.php(3139): Illuminate/Database/Query/Builder->first(Array)
#8 E:/SQL_EXAM/SEM1_T2508M_Test/vendor/laravel/framework/src/Illuminate/Session/DatabaseSessionHandler.php(96): Illuminate/Database/Query/Builder->find('C5FnbfA5g78lsfP...')
#9 E:/SQL_EXAM/SEM1_T2508M_Test/vendor/laravel/framework/src/Illuminate/Session/Store.php(126): Illuminate/Session/DatabaseSessionHandler->read('C5FnbfA5g78lsfP...')
#10 E:/SQL_EXAM/SEM1_T2508M_Test/vendor/laravel/framework/src/Illuminate/Session/Store.php(114): Illuminate/Session/Store->readFromHandler()
#11 E:/SQL_EXAM/SEM1_T2508M_Test/vendor/laravel/framework/src/Illuminate/Session/Store.php(98): Illuminate/Session/Store->loadSession()
#12 E:/SQL_EXAM/SEM1_T2508M_Test/vendor/laravel/framework/src/Illuminate/Session/Middleware/StartSession.php(146): Illuminate/Session/Store->start()
#13 E:/SQL_EXAM/SEM1_T2508M_Test/vendor/laravel/framework/src/Illuminate/Support/helpers.php(390): Illuminate/Session/Middleware/StartSession->Illuminate/Session/Middleware/{closure}(Object(Illuminate/Session/Store))
#14 E:/SQL_EXAM/SEM1_T2508M_Test/vendor/laravel/framework/src/Illuminate/Session/Middleware/StartSession.php(143): tap(Object(Illuminate/Session/Store), Object(Closure))
#15 E:/SQL_EXAM/SEM1_T2508M_Test/vendor/laravel/framework/src/Illuminate/Session/Middleware/StartSession.php(115): Illuminate/Session/Middleware/StartSession->startSession(Object(Illuminate/Http/Request), Object(Illuminate/Session/Store))
#16 E:/SQL_EXAM/SEM1_T2508M_Test/vendor/laravel/framework/src/Illuminate/Session/Middleware/StartSession.php(63): Illuminate/Session/Middleware/StartSession->handleStatefulRequest(Object(Illuminate/Http/Request), Object(Illuminate/Session/Store), Object(Closure))
#17 E:/SQL_EXAM/SEM1_T2508M_Test/vendor/laravel/framework/src/Illuminate/Pipeline/Pipeline.php(219): Illuminate/Session/Middleware/StartSession->handle(Object(Illuminate/Http/Request), Object(Closure))
#18 E:/SQL_EXAM/SEM1_T2508M_Test/vendor/laravel/framework/src/Illuminate/Cookie/Middleware/AddQueuedCookiesToResponse.php(36): Illuminate/Pipeline/Pipeline->Illuminate/Pipeline/{closure}(Object(Illuminate/Http/Request))
#19 E:/SQL_EXAM/SEM1_T2508M_Test/vendor/laravel/framework/src/Illuminate/Pipeline/Pipeline.php(219): Illuminate/Cookie/Middleware/AddQueuedCookiesToResponse->handle(Object(Illuminate/Http/Request), Object(Closure))
#20 E:/SQL_EXAM/SEM1_T2508M_Test/vendor/laravel/framework/src/Illuminate/Cookie/Middleware/EncryptCookies.php(74): Illuminate/Pipeline/Pipeline->Illuminate/Pipeline/{closure}(Object(Illuminate/Http/Request))
#21 E:/SQL_EXAM/SEM1_T2508M_Test/vendor/laravel/framework/src/Illuminate/Pipeline/Pipeline.php(219): Illuminate/Cookie/Middleware/EncryptCookies->handle(Object(Illuminate/Http/Request), Object(Closure))
#22 E:/SQL_EXAM/SEM1_T2508M_Test/vendor/laravel/framework/src/Illuminate/Pipeline/Pipeline.php(137): Illuminate/Pipeline/Pipeline->Illuminate/Pipeline/{closure}(Object(Illuminate/Http/Request))
#23 E:/SQL_EXAM/SEM1_T2508M_Test/vendor/laravel/framework/src/Illuminate/Routing/Router.php(821): Illuminate/Pipeline/Pipeline->then(Object(Closure))
#24 E:/SQL_EXAM/SEM1_T2508M_Test/vendor/laravel/framework/src/Illuminate/Routing/Router.php(800): Illuminate/Routing/Router->runRouteWithinStack(Object(Illuminate/Routing/Route), Object(Illuminate/Http/Request))
#25 E:/SQL_EXAM/SEM1_T2508M_Test/vendor/laravel/framework/src/Illuminate/Routing/Router.php(764): Illuminate/Routing/Router->runRoute(Object(Illuminate/Http/Request), Object(Illuminate/Routing/Route))
#26 E:/SQL_EXAM/SEM1_T2508M_Test/vendor/laravel/framework/src/Illuminate/Routing/Router.php(753): Illuminate/Routing/Router->dispatchToRoute(Object(Illuminate/Http/Request))
#27 E:/SQL_EXAM/SEM1_T2508M_Test/vendor/laravel/framework/src/Illuminate/Foundation/Http/Kernel.php(200): Illuminate/Routing/Router->dispatch(Object(Illuminate/Http/Request))
#28 E:/SQL_EXAM/SEM1_T2508M_Test/vendor/laravel/framework/src/Illuminate/Pipeline/Pipeline.php(180): Illuminate/Foundation/Http/Kernel->Illuminate/Foundation/Http/{closure}(Object(Illuminate/Http/Request))
#29 E:/SQL_EXAM/SEM1_T2508M_Test/vendor/laravel/framework/src/Illuminate/Foundation/Http/Middleware/TransformsRequest.php(21): Illuminate/Pipeline/Pipeline->Illuminate/Pipeline/{closure}(Object(Illuminate/Http/Request))
#30 E:/SQL_EXAM/SEM1_T2508M_Test/vendor/laravel/framework/src/Illuminate/Foundation/Http/Middleware/ConvertEmptyStringsToNull.php(31): Illuminate/Foundation/Http/Middleware/TransformsRequest->handle(Object(Illuminate/Http/Request), Object(Closure))
#31 E:/SQL_EXAM/SEM1_T2508M_Test/vendor/laravel/framework/src/Illuminate/Pipeline/Pipeline.php(219): Illuminate/Foundation/Http/Middleware/ConvertEmptyStringsToNull->handle(Object(Illuminate/Http/Request), Object(Closure))
#32 E:/SQL_EXAM/SEM1_T2508M_Test/vendor/laravel/framework/src/Illuminate/Foundation/Http/Middleware/TransformsRequest.php(21): Illuminate/Pipeline/Pipeline->Illuminate/Pipeline/{closure}(Object(Illuminate/Http/Request))
#33 E:/SQL_EXAM/SEM1_T2508M_Test/vendor/laravel/framework/src/Illuminate/Foundation/Http/Middleware/TrimStrings.php(51): Illuminate/Foundation/Http/Middleware/TransformsRequest->handle(Object(Illuminate/Http/Request), Object(Closure))
#34 E:/SQL_EXAM/SEM1_T2508M_Test/vendor/laravel/framework/src/Illuminate/Pipeline/Pipeline.php(219): Illuminate/Foundation/Http/Middleware/TrimStrings->handle(Object(Illuminate/Http/Request), Object(Closure))
#35 E:/SQL_EXAM/SEM1_T2508M_Test/vendor/laravel/framework/src/Illuminate/Http/Middleware/ValidatePostSize.php(27): Illuminate/Pipeline/Pipeline->Illuminate/Pipeline/{closure}(Object(Illuminate/Http/Request))
#36 E:/SQL_EXAM/SEM1_T2508M_Test/vendor/laravel/framework/src/Illuminate/Pipeline/Pipeline.php(219): Illuminate/Http/Middleware/ValidatePostSize->handle(Object(Illuminate/Http/Request), Object(Closure))
#37 E:/SQL_EXAM/SEM1_T2508M_Test/vendor/laravel/framework/src/Illuminate/Foundation/Http/Middleware/PreventRequestsDuringMaintenance.php(109): Illuminate/Pipeline/Pipeline->Illuminate/Pipeline/{closure}(Object(Illuminate/Http/Request))
#38 E:/SQL_EXAM/SEM1_T2508M_Test/vendor/laravel/framework/src/Illuminate/Pipeline/Pipeline.php(219): Illuminate/Foundation/Http/Middleware/PreventRequestsDuringMaintenance->handle(Object(Illuminate/Http/Request), Object(Closure))
#39 E:/SQL_EXAM/SEM1_T2508M_Test/vendor/laravel/framework/src/Illuminate/Http/Middleware/HandleCors.php(48): Illuminate/Pipeline/Pipeline->Illuminate/Pipeline/{closure}(Object(Illuminate/Http/Request))
#40 E:/SQL_EXAM/SEM1_T2508M_Test/vendor/laravel/framework/src/Illuminate/Pipeline/Pipeline.php(219): Illuminate/Http/Middleware/HandleCors->handle(Object(Illuminate/Http/Request), Object(Closure))
#41 E:/SQL_EXAM/SEM1_T2508M_Test/vendor/laravel/framework/src/Illuminate/Http/Middleware/TrustProxies.php(58): Illuminate/Pipeline/Pipeline->Illuminate/Pipeline/{closure}(Object(Illuminate/Http/Request))
#42 E:/SQL_EXAM/SEM1_T2508M_Test/vendor/laravel/framework/src/Illuminate/Pipeline/Pipeline.php(219): Illuminate/Http/Middleware/TrustProxies->handle(Object(Illuminate/Http/Request), Object(Closure))
#43 E:/SQL_EXAM/SEM1_T2508M_Test/vendor/laravel/framework/src/Illuminate/Foundation/Http/Middleware/InvokeDeferredCallbacks.php(22): Illuminate/Pipeline/Pipeline->Illuminate/Pipeline/{closure}(Object(Illuminate/Http/Request))
#44 E:/SQL_EXAM/SEM1_T2508M_Test/vendor/laravel/framework/src/Illuminate/Pipeline/Pipeline.php(219): Illuminate/Foundation/Http/Middleware/InvokeDeferredCallbacks->handle(Object(Illuminate/Http/Request), Object(Closure))
#45 E:/SQL_EXAM/SEM1_T2508M_Test/vendor/laravel/framework/src/Illuminate/Http/Middleware/ValidatePathEncoding.php(26): Illuminate/Pipeline/Pipeline->Illuminate/Pipeline/{closure}(Object(Illuminate/Http/Request))
#46 E:/SQL_EXAM/SEM1_T2508M_Test/vendor/laravel/framework/src/Illuminate/Pipeline/Pipeline.php(219): Illuminate/Http/Middleware/ValidatePathEncoding->handle(Object(Illuminate/Http/Request), Object(Closure))
#47 E:/SQL_EXAM/SEM1_T2508M_Test/vendor/laravel/framework/src/Illuminate/Pipeline/Pipeline.php(137): Illuminate/Pipeline/Pipeline->Illuminate/Pipeline/{closure}(Object(Illuminate/Http/Request))
#48 E:/SQL_EXAM/SEM1_T2508M_Test/vendor/laravel/framework/src/Illuminate/Foundation/Http/Kernel.php(175): Illuminate/Pipeline/Pipeline->then(Object(Closure))
#49 E:/SQL_EXAM/SEM1_T2508M_Test/vendor/laravel/framework/src/Illuminate/Foundation/Http/Kernel.php(144): Illuminate/Foundation/Http/Kernel->sendRequestThroughRouter(Object(Illuminate/Http/Request))
#50 E:/SQL_EXAM/SEM1_T2508M_Test/vendor/laravel/framework/src/Illuminate/Foundation/Application.php(1220): Illuminate/Foundation/Http/Kernel->handle(Object(Illuminate/Http/Request))
#51 E:/SQL_EXAM/SEM1_T2508M_Test/public/index.php(20): Illuminate/Foundation/Application->handleRequest(Object(Illuminate/Http/Request))
#52 E:/SQL_EXAM/SEM1_T2508M_Test/vendor/laravel/framework/src/Illuminate/Foundation/resources/server.php(23): require_once('E://SQL_EXAM//SEM...')
#53 {main}

[previous exception] [object] (PDOException(code: 1049): SQLSTATE[HY000] [1049] Unknown database 'v_store' at E:/SQL_EXAM/SEM1_T2508M_Test/vendor/laravel/framework/src/Illuminate/Database/Connectors/Connector.php:66)
[stacktrace]
#0 E:/SQL_EXAM/SEM1_T2508M_Test/vendor/laravel/framework/src/Illuminate/Database/Connectors/Connector.php(66): PDO->__construct('mysql:host=127....', 'root', Object(SensitiveParameterValue), Array)
#1 E:/SQL_EXAM/SEM1_T2508M_Test/vendor/laravel/framework/src/Illuminate/Database/Connectors/Connector.php(44): Illuminate/Database/Connectors/Connector->createPdoConnection('mysql:host=127....', 'root', Object(SensitiveParameterValue), Array)
#2 E:/SQL_EXAM/SEM1_T2508M_Test/vendor/laravel/framework/src/Illuminate/Database/Connectors/MySqlConnector.php(24): Illuminate/Database/Connectors/Connector->createConnection('mysql:host=127....', Array, Array)
#3 E:/SQL_EXAM/SEM1_T2508M_Test/vendor/laravel/framework/src/Illuminate/Database/Connectors/ConnectionFactory.php(184): Illuminate/Database/Connectors/MySqlConnector->connect(Array)
#4 [internal function]: Illuminate/Database/Connectors/ConnectionFactory->Illuminate/Database/Connectors/{closure}()
#5 E:/SQL_EXAM/SEM1_T2508M_Test/vendor/laravel/framework/src/Illuminate/Database/Connection.php(1250): call_user_func(Object(Closure))
#6 E:/SQL_EXAM/SEM1_T2508M_Test/vendor/laravel/framework/src/Illuminate/Database/Connection.php(518): Illuminate/Database/Connection->getPdo()
#7 E:/SQL_EXAM/SEM1_T2508M_Test/vendor/laravel/framework/src/Illuminate/Database/Connection.php(413): Illuminate/Database/Connection->getPdoForSelect(false)
#8 E:/SQL_EXAM/SEM1_T2508M_Test/vendor/laravel/framework/src/Illuminate/Database/Connection.php(820): Illuminate/Database/Connection->Illuminate/Database/{closure}('select * from `...', Array)
#9 E:/SQL_EXAM/SEM1_T2508M_Test/vendor/laravel/framework/src/Illuminate/Database/Connection.php(787): Illuminate/Database/Connection->runQueryCallback('select * from `...', Array, Object(Closure))
#10 E:/SQL_EXAM/SEM1_T2508M_Test/vendor/laravel/framework/src/Illuminate/Database/Connection.php(404): Illuminate/Database/Connection->run('select * from `...', Array, Object(Closure))
#11 E:/SQL_EXAM/SEM1_T2508M_Test/vendor/laravel/framework/src/Illuminate/Database/Query/Builder.php(3232): Illuminate/Database/Connection->select('select * from `...', Array, false)
#12 E:/SQL_EXAM/SEM1_T2508M_Test/vendor/laravel/framework/src/Illuminate/Database/Query/Builder.php(3217): Illuminate/Database/Query/Builder->runSelect()
#13 E:/SQL_EXAM/SEM1_T2508M_Test/vendor/laravel/framework/src/Illuminate/Database/Query/Builder.php(3807): Illuminate/Database/Query/Builder->Illuminate/Database/Query/{closure}()
#14 E:/SQL_EXAM/SEM1_T2508M_Test/vendor/laravel/framework/src/Illuminate/Database/Query/Builder.php(3216): Illuminate/Database/Query/Builder->onceWithColumns(Array, Object(Closure))
#15 E:/SQL_EXAM/SEM1_T2508M_Test/vendor/laravel/framework/src/Illuminate/Database/Concerns/BuildsQueries.php(366): Illuminate/Database/Query/Builder->get(Array)
#16 E:/SQL_EXAM/SEM1_T2508M_Test/vendor/laravel/framework/src/Illuminate/Database/Query/Builder.php(3139): Illuminate/Database/Query/Builder->first(Array)
#17 E:/SQL_EXAM/SEM1_T2508M_Test/vendor/laravel/framework/src/Illuminate/Session/DatabaseSessionHandler.php(96): Illuminate/Database/Query/Builder->find('C5FnbfA5g78lsfP...')
#18 E:/SQL_EXAM/SEM1_T2508M_Test/vendor/laravel/framework/src/Illuminate/Session/Store.php(126): Illuminate/Session/DatabaseSessionHandler->read('C5FnbfA5g78lsfP...')
#19 E:/SQL_EXAM/SEM1_T2508M_Test/vendor/laravel/framework/src/Illuminate/Session/Store.php(114): Illuminate/Session/Store->readFromHandler()
#20 E:/SQL_EXAM/SEM1_T2508M_Test/vendor/laravel/framework/src/Illuminate/Session/Store.php(98): Illuminate/Session/Store->loadSession()
#21 E:/SQL_EXAM/SEM1_T2508M_Test/vendor/laravel/framework/src/Illuminate/Session/Middleware/StartSession.php(146): Illuminate/Session/Store->start()
#22 E:/SQL_EXAM/SEM1_T2508M_Test/vendor/laravel/framework/src/Illuminate/Support/helpers.php(390): Illuminate/Session/Middleware/StartSession->Illuminate/Session/Middleware/{closure}(Object(Illuminate/Session/Store))
#23 E:/SQL_EXAM/SEM1_T2508M_Test/vendor/laravel/framework/src/Illuminate/Session/Middleware/StartSession.php(143): tap(Object(Illuminate/Session/Store), Object(Closure))
#24 E:/SQL_EXAM/SEM1_T2508M_Test/vendor/laravel/framework/src/Illuminate/Session/Middleware/StartSession.php(115): Illuminate/Session/Middleware/StartSession->startSession(Object(Illuminate/Http/Request), Object(Illuminate/Session/Store))
#25 E:/SQL_EXAM/SEM1_T2508M_Test/vendor/laravel/framework/src/Illuminate/Session/Middleware/StartSession.php(63): Illuminate/Session/Middleware/StartSession->handleStatefulRequest(Object(Illuminate/Http/Request), Object(Illuminate/Session/Store), Object(Closure))
#26 E:/SQL_EXAM/SEM1_T2508M_Test/vendor/laravel/framework/src/Illuminate/Pipeline/Pipeline.php(219): Illuminate/Session/Middleware/StartSession->handle(Object(Illuminate/Http/Request), Object(Closure))
#27 E:/SQL_EXAM/SEM1_T2508M_Test/vendor/laravel/framework/src/Illuminate/Cookie/Middleware/AddQueuedCookiesToResponse.php(36): Illuminate/Pipeline/Pipeline->Illuminate/Pipeline/{closure}(Object(Illuminate/Http/Request))
#28 E:/SQL_EXAM/SEM1_T2508M_Test/vendor/laravel/framework/src/Illuminate/Pipeline/Pipeline.php(219): Illuminate/Cookie/Middleware/AddQueuedCookiesToResponse->handle(Object(Illuminate/Http/Request), Object(Closure))
#29 E:/SQL_EXAM/SEM1_T2508M_Test/vendor/laravel/framework/src/Illuminate/Cookie/Middleware/EncryptCookies.php(74): Illuminate/Pipeline/Pipeline->Illuminate/Pipeline/{closure}(Object(Illuminate/Http/Request))
#30 E:/SQL_EXAM/SEM1_T2508M_Test/vendor/laravel/framework/src/Illuminate/Pipeline/Pipeline.php(219): Illuminate/Cookie/Middleware/EncryptCookies->handle(Object(Illuminate/Http/Request), Object(Closure))
#31 E:/SQL_EXAM/SEM1_T2508M_Test/vendor/laravel/framework/src/Illuminate/Pipeline/Pipeline.php(137): Illuminate/Pipeline/Pipeline->Illuminate/Pipeline/{closure}(Object(Illuminate/Http/Request))
#32 E:/SQL_EXAM/SEM1_T2508M_Test/vendor/laravel/framework/src/Illuminate/Routing/Router.php(821): Illuminate/Pipeline/Pipeline->then(Object(Closure))
#33 E:/SQL_EXAM/SEM1_T2508M_Test/vendor/laravel/framework/src/Illuminate/Routing/Router.php(800): Illuminate/Routing/Router->runRouteWithinStack(Object(Illuminate/Routing/Route), Object(Illuminate/Http/Request))
#34 E:/SQL_EXAM/SEM1_T2508M_Test/vendor/laravel/framework/src/Illuminate/Routing/Router.php(764): Illuminate/Routing/Router->runRoute(Object(Illuminate/Http/Request), Object(Illuminate/Routing/Route))
#35 E:/SQL_EXAM/SEM1_T2508M_Test/vendor/laravel/framework/src/Illuminate/Routing/Router.php(753): Illuminate/Routing/Router->dispatchToRoute(Object(Illuminate/Http/Request))
#36 E:/SQL_EXAM/SEM1_T2508M_Test/vendor/laravel/framework/src/Illuminate/Foundation/Http/Kernel.php(200): Illuminate/Routing/Router->dispatch(Object(Illuminate/Http/Request))
#37 E:/SQL_EXAM/SEM1_T2508M_Test/vendor/laravel/framework/src/Illuminate/Pipeline/Pipeline.php(180): Illuminate/Foundation/Http/Kernel->Illuminate/Foundation/Http/{closure}(Object(Illuminate/Http/Request))
#38 E:/SQL_EXAM/SEM1_T2508M_Test/vendor/laravel/framework/src/Illuminate/Foundation/Http/Middleware/TransformsRequest.php(21): Illuminate/Pipeline/Pipeline->Illuminate/Pipeline/{closure}(Object(Illuminate/Http/Request))
#39 E:/SQL_EXAM/SEM1_T2508M_Test/vendor/laravel/framework/src/Illuminate/Foundation/Http/Middleware/ConvertEmptyStringsToNull.php(31): Illuminate/Foundation/Http/Middleware/TransformsRequest->handle(Object(Illuminate/Http/Request), Object(Closure))
#40 E:/SQL_EXAM/SEM1_T2508M_Test/vendor/laravel/framework/src/Illuminate/Pipeline/Pipeline.php(219): Illuminate/Foundation/Http/Middleware/ConvertEmptyStringsToNull->handle(Object(Illuminate/Http/Request), Object(Closure))
#41 E:/SQL_EXAM/SEM1_T2508M_Test/vendor/laravel/framework/src/Illuminate/Foundation/Http/Middleware/TransformsRequest.php(21): Illuminate/Pipeline/Pipeline->Illuminate/Pipeline/{closure}(Object(Illuminate/Http/Request))
#42 E:/SQL_EXAM/SEM1_T2508M_Test/vendor/laravel/framework/src/Illuminate/Foundation/Http/Middleware/TrimStrings.php(51): Illuminate/Foundation/Http/Middleware/TransformsRequest->handle(Object(Illuminate/Http/Request), Object(Closure))
#43 E:/SQL_EXAM/SEM1_T2508M_Test/vendor/laravel/framework/src/Illuminate/Pipeline/Pipeline.php(219): Illuminate/Foundation/Http/Middleware/TrimStrings->handle(Object(Illuminate/Http/Request), Object(Closure))
#44 E:/SQL_EXAM/SEM1_T2508M_Test/vendor/laravel/framework/src/Illuminate/Http/Middleware/ValidatePostSize.php(27): Illuminate/Pipeline/Pipeline->Illuminate/Pipeline/{closure}(Object(Illuminate/Http/Request))
#45 E:/SQL_EXAM/SEM1_T2508M_Test/vendor/laravel/framework/src/Illuminate/Pipeline/Pipeline.php(219): Illuminate/Http/Middleware/ValidatePostSize->handle(Object(Illuminate/Http/Request), Object(Closure))
#46 E:/SQL_EXAM/SEM1_T2508M_Test/vendor/laravel/framework/src/Illuminate/Foundation/Http/Middleware/PreventRequestsDuringMaintenance.php(109): Illuminate/Pipeline/Pipeline->Illuminate/Pipeline/{closure}(Object(Illuminate/Http/Request))
#47 E:/SQL_EXAM/SEM1_T2508M_Test/vendor/laravel/framework/src/Illuminate/Pipeline/Pipeline.php(219): Illuminate/Foundation/Http/Middleware/PreventRequestsDuringMaintenance->handle(Object(Illuminate/Http/Request), Object(Closure))
#48 E:/SQL_EXAM/SEM1_T2508M_Test/vendor/laravel/framework/src/Illuminate/Http/Middleware/HandleCors.php(48): Illuminate/Pipeline/Pipeline->Illuminate/Pipeline/{closure}(Object(Illuminate/Http/Request))
#49 E:/SQL_EXAM/SEM1_T2508M_Test/vendor/laravel/framework/src/Illuminate/Pipeline/Pipeline.php(219): Illuminate/Http/Middleware/HandleCors->handle(Object(Illuminate/Http/Request), Object(Closure))
#50 E:/SQL_EXAM/SEM1_T2508M_Test/vendor/laravel/framework/src/Illuminate/Http/Middleware/TrustProxies.php(58): Illuminate/Pipeline/Pipeline->Illuminate/Pipeline/{closure}(Object(Illuminate/Http/Request))
#51 E:/SQL_EXAM/SEM1_T2508M_Test/vendor/laravel/framework/src/Illuminate/Pipeline/Pipeline.php(219): Illuminate/Http/Middleware/TrustProxies->handle(Object(Illuminate/Http/Request), Object(Closure))
#52 E:/SQL_EXAM/SEM1_T2508M_Test/vendor/laravel/framework/src/Illuminate/Foundation/Http/Middleware/InvokeDeferredCallbacks.php(22): Illuminate/Pipeline/Pipeline->Illuminate/Pipeline/{closure}(Object(Illuminate/Http/Request))
#53 E:/SQL_EXAM/SEM1_T2508M_Test/vendor/laravel/framework/src/Illuminate/Pipeline/Pipeline.php(219): Illuminate/Foundation/Http/Middleware/InvokeDeferredCallbacks->handle(Object(Illuminate/Http/Request), Object(Closure))
#54 E:/SQL_EXAM/SEM1_T2508M_Test/vendor/laravel/framework/src/Illuminate/Http/Middleware/ValidatePathEncoding.php(26): Illuminate/Pipeline/Pipeline->Illuminate/Pipeline/{closure}(Object(Illuminate/Http/Request))
#55 E:/SQL_EXAM/SEM1_T2508M_Test/vendor/laravel/framework/src/Illuminate/Pipeline/Pipeline.php(219): Illuminate/Http/Middleware/ValidatePathEncoding->handle(Object(Illuminate/Http/Request), Object(Closure))
#56 E:/SQL_EXAM/SEM1_T2508M_Test/vendor/laravel/framework/src/Illuminate/Pipeline/Pipeline.php(137): Illuminate/Pipeline/Pipeline->Illuminate/Pipeline/{closure}(Object(Illuminate/Http/Request))
#57 E:/SQL_EXAM/SEM1_T2508M_Test/vendor/laravel/framework/src/Illuminate/Foundation/Http/Kernel.php(175): Illuminate/Pipeline/Pipeline->then(Object(Closure))
#58 E:/SQL_EXAM/SEM1_T2508M_Test/vendor/laravel/framework/src/Illuminate/Foundation/Http/Kernel.php(144): Illuminate/Foundation/Http/Kernel->sendRequestThroughRouter(Object(Illuminate/Http/Request))
#59 E:/SQL_EXAM/SEM1_T2508M_Test/vendor/laravel/framework/src/Illuminate/Foundation/Application.php(1220): Illuminate/Foundation/Http/Kernel->handle(Object(Illuminate/Http/Request))
#60 E:/SQL_EXAM/SEM1_T2508M_Test/public/index.php(20): Illuminate/Foundation/Application->handleRequest(Object(Illuminate/Http/Request))
#61 E:/SQL_EXAM/SEM1_T2508M_Test/vendor/laravel/framework/src/Illuminate/Foundation/resources/server.php(23): require_once('E://SQL_EXAM//SEM...')
#62 {main}
"} 
[2026-01-09 03:21:13] local.ERROR: SQLSTATE[HY000] [2002] An attempt was made to access a socket in a way forbidden by its access permissions (Connection: mysql, Host: 127.0.0.1, Port: 3306, Database: v_store, SQL: select * from `sessions` where `id` = ZhI9gGbjW3lIXVKE68qXSZwDCSBkLVDP5GscoxNW limit 1) {"exception":"[object] (Illuminate\\Database\\QueryException(code: 2002): SQLSTATE[HY000] [2002] An attempt was made to access a socket in a way forbidden by its access permissions (Connection: mysql, Host: 127.0.0.1, Port: 3306, Database: v_store, SQL: select * from `sessions` where `id` = ZhI9gGbjW3lIXVKE68qXSZwDCSBkLVDP5GscoxNW limit 1) at E:/SQL_EXAM/SEM1_T2508M_Test/vendor/laravel/framework/src/Illuminate/Database/Connection.php:831)
[stacktrace]
#0 E:/SQL_EXAM/SEM1_T2508M_Test/vendor/laravel/framework/src/Illuminate/Database/Connection.php(787): Illuminate/Database/Connection->runQueryCallback('select * from `...', Array, Object(Closure))
#1 E:/SQL_EXAM/SEM1_T2508M_Test/vendor/laravel/framework/src/Illuminate/Database/Connection.php(404): Illuminate/Database/Connection->run('select * from `...', Array, Object(Closure))
#2 E:/SQL_EXAM/SEM1_T2508M_Test/vendor/laravel/framework/src/Illuminate/Database/Query/Builder.php(3232): Illuminate/Database/Connection->select('select * from `...', Array, false)
#3 E:/SQL_EXAM/SEM1_T2508M_Test/vendor/laravel/framework/src/Illuminate/Database/Query/Builder.php(3217): Illuminate/Database/Query/Builder->runSelect()
#4 E:/SQL_EXAM/SEM1_T2508M_Test/vendor/laravel/framework/src/Illuminate/Database/Query/Builder.php(3807): Illuminate/Database/Query/Builder->Illuminate/Database/Query/{closure}()
#5 E:/SQL_EXAM/SEM1_T2508M_Test/vendor/laravel/framework/src/Illuminate/Database/Query/Builder.php(3216): Illuminate/Database/Query/Builder->onceWithColumns(Array, Object(Closure))
#6 E:/SQL_EXAM/SEM1_T2508M_Test/vendor/laravel/framework/src/Illuminate/Database/Concerns/BuildsQueries.php(366): Illuminate/Database/Query/Builder->get(Array)
#7 E:/SQL_EXAM/SEM1_T2508M_Test/vendor/laravel/framework/src/Illuminate/Database/Query/Builder.php(3139): Illuminate/Database/Query/Builder->first(Array)
#8 E:/SQL_EXAM/SEM1_T2508M_Test/vendor/laravel/framework/src/Illuminate/Session/DatabaseSessionHandler.php(96): Illuminate/Database/Query/Builder->find('ZhI9gGbjW3lIXVK...')
#9 E:/SQL_EXAM/SEM1_T2508M_Test/vendor/laravel/framework/src/Illuminate/Session/Store.php(126): Illuminate/Session/DatabaseSessionHandler->read('ZhI9gGbjW3lIXVK...')
#10 E:/SQL_EXAM/SEM1_T2508M_Test/vendor/laravel/framework/src/Illuminate/Session/Store.php(114): Illuminate/Session/Store->readFromHandler()
#11 E:/SQL_EXAM/SEM1_T2508M_Test/vendor/laravel/framework/src/Illuminate/Session/Store.php(98): Illuminate/Session/Store->loadSession()
#12 E:/SQL_EXAM/SEM1_T2508M_Test/vendor/laravel/framework/src/Illuminate/Session/Middleware/StartSession.php(146): Illuminate/Session/Store->start()
#13 E:/SQL_EXAM/SEM1_T2508M_Test/vendor/laravel/framework/src/Illuminate/Support/helpers.php(390): Illuminate/Session/Middleware/StartSession->Illuminate/Session/Middleware/{closure}(Object(Illuminate/Session/Store))
#14 E:/SQL_EXAM/SEM1_T2508M_Test/vendor/laravel/framework/src/Illuminate/Session/Middleware/StartSession.php(143): tap(Object(Illuminate/Session/Store), Object(Closure))
#15 E:/SQL_EXAM/SEM1_T2508M_Test/vendor/laravel/framework/src/Illuminate/Session/Middleware/StartSession.php(115): Illuminate/Session/Middleware/StartSession->startSession(Object(Illuminate/Http/Request), Object(Illuminate/Session/Store))
#16 E:/SQL_EXAM/SEM1_T2508M_Test/vendor/laravel/framework/src/Illuminate/Session/Middleware/StartSession.php(63): Illuminate/Session/Middleware/StartSession->handleStatefulRequest(Object(Illuminate/Http/Request), Object(Illuminate/Session/Store), Object(Closure))
#17 E:/SQL_EXAM/SEM1_T2508M_Test/vendor/laravel/framework/src/Illuminate/Pipeline/Pipeline.php(219): Illuminate/Session/Middleware/StartSession->handle(Object(Illuminate/Http/Request), Object(Closure))
#18 E:/SQL_EXAM/SEM1_T2508M_Test/vendor/laravel/framework/src/Illuminate/Cookie/Middleware/AddQueuedCookiesToResponse.php(36): Illuminate/Pipeline/Pipeline->Illuminate/Pipeline/{closure}(Object(Illuminate/Http/Request))
#19 E:/SQL_EXAM/SEM1_T2508M_Test/vendor/laravel/framework/src/Illuminate/Pipeline/Pipeline.php(219): Illuminate/Cookie/Middleware/AddQueuedCookiesToResponse->handle(Object(Illuminate/Http/Request), Object(Closure))
#20 E:/SQL_EXAM/SEM1_T2508M_Test/vendor/laravel/framework/src/Illuminate/Cookie/Middleware/EncryptCookies.php(74): Illuminate/Pipeline/Pipeline->Illuminate/Pipeline/{closure}(Object(Illuminate/Http/Request))
#21 E:/SQL_EXAM/SEM1_T2508M_Test/vendor/laravel/framework/src/Illuminate/Pipeline/Pipeline.php(219): Illuminate/Cookie/Middleware/EncryptCookies->handle(Object(Illuminate/Http/Request), Object(Closure))
#22 E:/SQL_EXAM/SEM1_T2508M_Test/vendor/laravel/framework/src/Illuminate/Pipeline/Pipeline.php(137): Illuminate/Pipeline/Pipeline->Illuminate/Pipeline/{closure}(Object(Illuminate/Http/Request))
#23 E:/SQL_EXAM/SEM1_T2508M_Test/vendor/laravel/framework/src/Illuminate/Routing/Router.php(821): Illuminate/Pipeline/Pipeline->then(Object(Closure))
#24 E:/SQL_EXAM/SEM1_T2508M_Test/vendor/laravel/framework/src/Illuminate/Routing/Router.php(800): Illuminate/Routing/Router->runRouteWithinStack(Object(Illuminate/Routing/Route), Object(Illuminate/Http/Request))
#25 E:/SQL_EXAM/SEM1_T2508M_Test/vendor/laravel/framework/src/Illuminate/Routing/Router.php(764): Illuminate/Routing/Router->runRoute(Object(Illuminate/Http/Request), Object(Illuminate/Routing/Route))
#26 E:/SQL_EXAM/SEM1_T2508M_Test/vendor/laravel/framework/src/Illuminate/Routing/Router.php(753): Illuminate/Routing/Router->dispatchToRoute(Object(Illuminate/Http/Request))
#27 E:/SQL_EXAM/SEM1_T2508M_Test/vendor/laravel/framework/src/Illuminate/Foundation/Http/Kernel.php(200): Illuminate/Routing/Router->dispatch(Object(Illuminate/Http/Request))
#28 E:/SQL_EXAM/SEM1_T2508M_Test/vendor/laravel/framework/src/Illuminate/Pipeline/Pipeline.php(180): Illuminate/Foundation/Http/Kernel->Illuminate/Foundation/Http/{closure}(Object(Illuminate/Http/Request))
#29 E:/SQL_EXAM/SEM1_T2508M_Test/vendor/laravel/framework/src/Illuminate/Foundation/Http/Middleware/TransformsRequest.php(21): Illuminate/Pipeline/Pipeline->Illuminate/Pipeline/{closure}(Object(Illuminate/Http/Request))
#30 E:/SQL_EXAM/SEM1_T2508M_Test/vendor/laravel/framework/src/Illuminate/Foundation/Http/Middleware/ConvertEmptyStringsToNull.php(31): Illuminate/Foundation/Http/Middleware/TransformsRequest->handle(Object(Illuminate/Http/Request), Object(Closure))
#31 E:/SQL_EXAM/SEM1_T2508M_Test/vendor/laravel/framework/src/Illuminate/Pipeline/Pipeline.php(219): Illuminate/Foundation/Http/Middleware/ConvertEmptyStringsToNull->handle(Object(Illuminate/Http/Request), Object(Closure))
#32 E:/SQL_EXAM/SEM1_T2508M_Test/vendor/laravel/framework/src/Illuminate/Foundation/Http/Middleware/TransformsRequest.php(21): Illuminate/Pipeline/Pipeline->Illuminate/Pipeline/{closure}(Object(Illuminate/Http/Request))
#33 E:/SQL_EXAM/SEM1_T2508M_Test/vendor/laravel/framework/src/Illuminate/Foundation/Http/Middleware/TrimStrings.php(51): Illuminate/Foundation/Http/Middleware/TransformsRequest->handle(Object(Illuminate/Http/Request), Object(Closure))
#34 E:/SQL_EXAM/SEM1_T2508M_Test/vendor/laravel/framework/src/Illuminate/Pipeline/Pipeline.php(219): Illuminate/Foundation/Http/Middleware/TrimStrings->handle(Object(Illuminate/Http/Request), Object(Closure))
#35 E:/SQL_EXAM/SEM1_T2508M_Test/vendor/laravel/framework/src/Illuminate/Http/Middleware/ValidatePostSize.php(27): Illuminate/Pipeline/Pipeline->Illuminate/Pipeline/{closure}(Object(Illuminate/Http/Request))
#36 E:/SQL_EXAM/SEM1_T2508M_Test/vendor/laravel/framework/src/Illuminate/Pipeline/Pipeline.php(219): Illuminate/Http/Middleware/ValidatePostSize->handle(Object(Illuminate/Http/Request), Object(Closure))
#37 E:/SQL_EXAM/SEM1_T2508M_Test/vendor/laravel/framework/src/Illuminate/Foundation/Http/Middleware/PreventRequestsDuringMaintenance.php(109): Illuminate/Pipeline/Pipeline->Illuminate/Pipeline/{closure}(Object(Illuminate/Http/Request))
#38 E:/SQL_EXAM/SEM1_T2508M_Test/vendor/laravel/framework/src/Illuminate/Pipeline/Pipeline.php(219): Illuminate/Foundation/Http/Middleware/PreventRequestsDuringMaintenance->handle(Object(Illuminate/Http/Request), Object(Closure))
#39 E:/SQL_EXAM/SEM1_T2508M_Test/vendor/laravel/framework/src/Illuminate/Http/Middleware/HandleCors.php(48): Illuminate/Pipeline/Pipeline->Illuminate/Pipeline/{closure}(Object(Illuminate/Http/Request))
#40 E:/SQL_EXAM/SEM1_T2508M_Test/vendor/laravel/framework/src/Illuminate/Pipeline/Pipeline.php(219): Illuminate/Http/Middleware/HandleCors->handle(Object(Illuminate/Http/Request), Object(Closure))
#41 E:/SQL_EXAM/SEM1_T2508M_Test/vendor/laravel/framework/src/Illuminate/Http/Middleware/TrustProxies.php(58): Illuminate/Pipeline/Pipeline->Illuminate/Pipeline/{closure}(Object(Illuminate/Http/Request))
#42 E:/SQL_EXAM/SEM1_T2508M_Test/vendor/laravel/framework/src/Illuminate/Pipeline/Pipeline.php(219): Illuminate/Http/Middleware/TrustProxies->handle(Object(Illuminate/Http/Request), Object(Closure))
#43 E:/SQL_EXAM/SEM1_T2508M_Test/vendor/laravel/framework/src/Illuminate/Foundation/Http/Middleware/InvokeDeferredCallbacks.php(22): Illuminate/Pipeline/Pipeline->Illuminate/Pipeline/{closure}(Object(Illuminate/Http/Request))
#44 E:/SQL_EXAM/SEM1_T2508M_Test/vendor/laravel/framework/src/Illuminate/Pipeline/Pipeline.php(219): Illuminate/Foundation/Http/Middleware/InvokeDeferredCallbacks->handle(Object(Illuminate/Http/Request), Object(Closure))
#45 E:/SQL_EXAM/SEM1_T2508M_Test/vendor/laravel/framework/src/Illuminate/Http/Middleware/ValidatePathEncoding.php(26): Illuminate/Pipeline/Pipeline->Illuminate/Pipeline/{closure}(Object(Illuminate/Http/Request))
#46 E:/SQL_EXAM/SEM1_T2508M_Test/vendor/laravel/framework/src/Illuminate/Pipeline/Pipeline.php(219): Illuminate/Http/Middleware/ValidatePathEncoding->handle(Object(Illuminate/Http/Request), Object(Closure))
#47 E:/SQL_EXAM/SEM1_T2508M_Test/vendor/laravel/framework/src/Illuminate/Pipeline/Pipeline.php(137): Illuminate/Pipeline/Pipeline->Illuminate/Pipeline/{closure}(Object(Illuminate/Http/Request))
#48 E:/SQL_EXAM/SEM1_T2508M_Test/vendor/laravel/framework/src/Illuminate/Foundation/Http/Kernel.php(175): Illuminate/Pipeline/Pipeline->then(Object(Closure))
#49 E:/SQL_EXAM/SEM1_T2508M_Test/vendor/laravel/framework/src/Illuminate/Foundation/Http/Kernel.php(144): Illuminate/Foundation/Http/Kernel->sendRequestThroughRouter(Object(Illuminate/Http/Request))
#50 E:/SQL_EXAM/SEM1_T2508M_Test/vendor/laravel/framework/src/Illuminate/Foundation/Application.php(1220): Illuminate/Foundation/Http/Kernel->handle(Object(Illuminate/Http/Request))
#51 E:/SQL_EXAM/SEM1_T2508M_Test/public/index.php(20): Illuminate/Foundation/Application->handleRequest(Object(Illuminate/Http/Request))
#52 E:/SQL_EXAM/SEM1_T2508M_Test/vendor/laravel/framework/src/Illuminate/Foundation/resources/server.php(23): require_once('E://SQL_EXAM//SEM...')
#53 {main}

[previous exception] [object] (PDOException(code: 2002): SQLSTATE[HY000] [2002] An attempt was made to access a socket in a way forbidden by its access permissions at E:/SQL_EXAM/SEM1_T2508M_Test/vendor/laravel/framework/src/Illuminate/Database/Connectors/Connector.php:66)
[stacktrace]
#0 E:/SQL_EXAM/SEM1_T2508M_Test/vendor/laravel/framework/src/Illuminate/Database/Connectors/Connector.php(66): PDO->__construct('mysql:host=127....', 'root', Object(SensitiveParameterValue), Array)
#1 E:/SQL_EXAM/SEM1_T2508M_Test/vendor/laravel/framework/src/Illuminate/Database/Connectors/Connector.php(44): Illuminate/Database/Connectors/Connector->createPdoConnection('mysql:host=127....', 'root', Object(SensitiveParameterValue), Array)
#2 E:/SQL_EXAM/SEM1_T2508M_Test/vendor/laravel/framework/src/Illuminate/Database/Connectors/MySqlConnector.php(24): Illuminate/Database/Connectors/Connector->createConnection('mysql:host=127....', Array, Array)
#3 E:/SQL_EXAM/SEM1_T2508M_Test/vendor/laravel/framework/src/Illuminate/Database/Connectors/ConnectionFactory.php(184): Illuminate/Database/Connectors/MySqlConnector->connect(Array)
#4 [internal function]: Illuminate/Database/Connectors/ConnectionFactory->Illuminate/Database/Connectors/{closure}()
#5 E:/SQL_EXAM/SEM1_T2508M_Test/vendor/laravel/framework/src/Illuminate/Database/Connection.php(1250): call_user_func(Object(Closure))
#6 E:/SQL_EXAM/SEM1_T2508M_Test/vendor/laravel/framework/src/Illuminate/Database/Connection.php(518): Illuminate/Database/Connection->getPdo()
#7 E:/SQL_EXAM/SEM1_T2508M_Test/vendor/laravel/framework/src/Illuminate/Database/Connection.php(413): Illuminate/Database/Connection->getPdoForSelect(false)
#8 E:/SQL_EXAM/SEM1_T2508M_Test/vendor/laravel/framework/src/Illuminate/Database/Connection.php(820): Illuminate/Database/Connection->Illuminate/Database/{closure}('select * from `...', Array)
#9 E:/SQL_EXAM/SEM1_T2508M_Test/vendor/laravel/framework/src/Illuminate/Database/Connection.php(787): Illuminate/Database/Connection->runQueryCallback('select * from `...', Array, Object(Closure))
#10 E:/SQL_EXAM/SEM1_T2508M_Test/vendor/laravel/framework/src/Illuminate/Database/Connection.php(404): Illuminate/Database/Connection->run('select * from `...', Array, Object(Closure))
#11 E:/SQL_EXAM/SEM1_T2508M_Test/vendor/laravel/framework/src/Illuminate/Database/Query/Builder.php(3232): Illuminate/Database/Connection->select('select * from `...', Array, false)
#12 E:/SQL_EXAM/SEM1_T2508M_Test/vendor/laravel/framework/src/Illuminate/Database/Query/Builder.php(3217): Illuminate/Database/Query/Builder->runSelect()
#13 E:/SQL_EXAM/SEM1_T2508M_Test/vendor/laravel/framework/src/Illuminate/Database/Query/Builder.php(3807): Illuminate/Database/Query/Builder->Illuminate/Database/Query/{closure}()
#14 E:/SQL_EXAM/SEM1_T2508M_Test/vendor/laravel/framework/src/Illuminate/Database/Query/Builder.php(3216): Illuminate/Database/Query/Builder->onceWithColumns(Array, Object(Closure))
#15 E:/SQL_EXAM/SEM1_T2508M_Test/vendor/laravel/framework/src/Illuminate/Database/Concerns/BuildsQueries.php(366): Illuminate/Database/Query/Builder->get(Array)
#16 E:/SQL_EXAM/SEM1_T2508M_Test/vendor/laravel/framework/src/Illuminate/Database/Query/Builder.php(3139): Illuminate/Database/Query/Builder->first(Array)
#17 E:/SQL_EXAM/SEM1_T2508M_Test/vendor/laravel/framework/src/Illuminate/Session/DatabaseSessionHandler.php(96): Illuminate/Database/Query/Builder->find('ZhI9gGbjW3lIXVK...')
#18 E:/SQL_EXAM/SEM1_T2508M_Test/vendor/laravel/framework/src/Illuminate/Session/Store.php(126): Illuminate/Session/DatabaseSessionHandler->read('ZhI9gGbjW3lIXVK...')
#19 E:/SQL_EXAM/SEM1_T2508M_Test/vendor/laravel/framework/src/Illuminate/Session/Store.php(114): Illuminate/Session/Store->readFromHandler()
#20 E:/SQL_EXAM/SEM1_T2508M_Test/vendor/laravel/framework/src/Illuminate/Session/Store.php(98): Illuminate/Session/Store->loadSession()
#21 E:/SQL_EXAM/SEM1_T2508M_Test/vendor/laravel/framework/src/Illuminate/Session/Middleware/StartSession.php(146): Illuminate/Session/Store->start()
#22 E:/SQL_EXAM/SEM1_T2508M_Test/vendor/laravel/framework/src/Illuminate/Support/helpers.php(390): Illuminate/Session/Middleware/StartSession->Illuminate/Session/Middleware/{closure}(Object(Illuminate/Session/Store))
#23 E:/SQL_EXAM/SEM1_T2508M_Test/vendor/laravel/framework/src/Illuminate/Session/Middleware/StartSession.php(143): tap(Object(Illuminate/Session/Store), Object(Closure))
#24 E:/SQL_EXAM/SEM1_T2508M_Test/vendor/laravel/framework/src/Illuminate/Session/Middleware/StartSession.php(115): Illuminate/Session/Middleware/StartSession->startSession(Object(Illuminate/Http/Request), Object(Illuminate/Session/Store))
#25 E:/SQL_EXAM/SEM1_T2508M_Test/vendor/laravel/framework/src/Illuminate/Session/Middleware/StartSession.php(63): Illuminate/Session/Middleware/StartSession->handleStatefulRequest(Object(Illuminate/Http/Request), Object(Illuminate/Session/Store), Object(Closure))
#26 E:/SQL_EXAM/SEM1_T2508M_Test/vendor/laravel/framework/src/Illuminate/Pipeline/Pipeline.php(219): Illuminate/Session/Middleware/StartSession->handle(Object(Illuminate/Http/Request), Object(Closure))
#27 E:/SQL_EXAM/SEM1_T2508M_Test/vendor/laravel/framework/src/Illuminate/Cookie/Middleware/AddQueuedCookiesToResponse.php(36): Illuminate/Pipeline/Pipeline->Illuminate/Pipeline/{closure}(Object(Illuminate/Http/Request))
#28 E:/SQL_EXAM/SEM1_T2508M_Test/vendor/laravel/framework/src/Illuminate/Pipeline/Pipeline.php(219): Illuminate/Cookie/Middleware/AddQueuedCookiesToResponse->handle(Object(Illuminate/Http/Request), Object(Closure))
#29 E:/SQL_EXAM/SEM1_T2508M_Test/vendor/laravel/framework/src/Illuminate/Cookie/Middleware/EncryptCookies.php(74): Illuminate/Pipeline/Pipeline->Illuminate/Pipeline/{closure}(Object(Illuminate/Http/Request))
#30 E:/SQL_EXAM/SEM1_T2508M_Test/vendor/laravel/framework/src/Illuminate/Pipeline/Pipeline.php(219): Illuminate/Cookie/Middleware/EncryptCookies->handle(Object(Illuminate/Http/Request), Object(Closure))
#31 E:/SQL_EXAM/SEM1_T2508M_Test/vendor/laravel/framework/src/Illuminate/Pipeline/Pipeline.php(137): Illuminate/Pipeline/Pipeline->Illuminate/Pipeline/{closure}(Object(Illuminate/Http/Request))
#32 E:/SQL_EXAM/SEM1_T2508M_Test/vendor/laravel/framework/src/Illuminate/Routing/Router.php(821): Illuminate/Pipeline/Pipeline->then(Object(Closure))
#33 E:/SQL_EXAM/SEM1_T2508M_Test/vendor/laravel/framework/src/Illuminate/Routing/Router.php(800): Illuminate/Routing/Router->runRouteWithinStack(Object(Illuminate/Routing/Route), Object(Illuminate/Http/Request))
#34 E:/SQL_EXAM/SEM1_T2508M_Test/vendor/laravel/framework/src/Illuminate/Routing/Router.php(764): Illuminate/Routing/Router->runRoute(Object(Illuminate/Http/Request), Object(Illuminate/Routing/Route))
#35 E:/SQL_EXAM/SEM1_T2508M_Test/vendor/laravel/framework/src/Illuminate/Routing/Router.php(753): Illuminate/Routing/Router->dispatchToRoute(Object(Illuminate/Http/Request))
#36 E:/SQL_EXAM/SEM1_T2508M_Test/vendor/laravel/framework/src/Illuminate/Foundation/Http/Kernel.php(200): Illuminate/Routing/Router->dispatch(Object(Illuminate/Http/Request))
#37 E:/SQL_EXAM/SEM1_T2508M_Test/vendor/laravel/framework/src/Illuminate/Pipeline/Pipeline.php(180): Illuminate/Foundation/Http/Kernel->Illuminate/Foundation/Http/{closure}(Object(Illuminate/Http/Request))
#38 E:/SQL_EXAM/SEM1_T2508M_Test/vendor/laravel/framework/src/Illuminate/Foundation/Http/Middleware/TransformsRequest.php(21): Illuminate/Pipeline/Pipeline->Illuminate/Pipeline/{closure}(Object(Illuminate/Http/Request))
#39 E:/SQL_EXAM/SEM1_T2508M_Test/vendor/laravel/framework/src/Illuminate/Foundation/Http/Middleware/ConvertEmptyStringsToNull.php(31): Illuminate/Foundation/Http/Middleware/TransformsRequest->handle(Object(Illuminate/Http/Request), Object(Closure))
#40 E:/SQL_EXAM/SEM1_T2508M_Test/vendor/laravel/framework/src/Illuminate/Pipeline/Pipeline.php(219): Illuminate/Foundation/Http/Middleware/ConvertEmptyStringsToNull->handle(Object(Illuminate/Http/Request), Object(Closure))
#41 E:/SQL_EXAM/SEM1_T2508M_Test/vendor/laravel/framework/src/Illuminate/Foundation/Http/Middleware/TransformsRequest.php(21): Illuminate/Pipeline/Pipeline->Illuminate/Pipeline/{closure}(Object(Illuminate/Http/Request))
#42 E:/SQL_EXAM/SEM1_T2508M_Test/vendor/laravel/framework/src/Illuminate/Foundation/Http/Middleware/TrimStrings.php(51): Illuminate/Foundation/Http/Middleware/TransformsRequest->handle(Object(Illuminate/Http/Request), Object(Closure))
#43 E:/SQL_EXAM/SEM1_T2508M_Test/vendor/laravel/framework/src/Illuminate/Pipeline/Pipeline.php(219): Illuminate/Foundation/Http/Middleware/TrimStrings->handle(Object(Illuminate/Http/Request), Object(Closure))
#44 E:/SQL_EXAM/SEM1_T2508M_Test/vendor/laravel/framework/src/Illuminate/Http/Middleware/ValidatePostSize.php(27): Illuminate/Pipeline/Pipeline->Illuminate/Pipeline/{closure}(Object(Illuminate/Http/Request))
#45 E:/SQL_EXAM/SEM1_T2508M_Test/vendor/laravel/framework/src/Illuminate/Pipeline/Pipeline.php(219): Illuminate/Http/Middleware/ValidatePostSize->handle(Object(Illuminate/Http/Request), Object(Closure))
#46 E:/SQL_EXAM/SEM1_T2508M_Test/vendor/laravel/framework/src/Illuminate/Foundation/Http/Middleware/PreventRequestsDuringMaintenance.php(109): Illuminate/Pipeline/Pipeline->Illuminate/Pipeline/{closure}(Object(Illuminate/Http/Request))
#47 E:/SQL_EXAM/SEM1_T2508M_Test/vendor/laravel/framework/src/Illuminate/Pipeline/Pipeline.php(219): Illuminate/Foundation/Http/Middleware/PreventRequestsDuringMaintenance->handle(Object(Illuminate/Http/Request), Object(Closure))
#48 E:/SQL_EXAM/SEM1_T2508M_Test/vendor/laravel/framework/src/Illuminate/Http/Middleware/HandleCors.php(48): Illuminate/Pipeline/Pipeline->Illuminate/Pipeline/{closure}(Object(Illuminate/Http/Request))
#49 E:/SQL_EXAM/SEM1_T2508M_Test/vendor/laravel/framework/src/Illuminate/Pipeline/Pipeline.php(219): Illuminate/Http/Middleware/HandleCors->handle(Object(Illuminate/Http/Request), Object(Closure))
#50 E:/SQL_EXAM/SEM1_T2508M_Test/vendor/laravel/framework/src/Illuminate/Http/Middleware/TrustProxies.php(58): Illuminate/Pipeline/Pipeline->Illuminate/Pipeline/{closure}(Object(Illuminate/Http/Request))
#51 E:/SQL_EXAM/SEM1_T2508M_Test/vendor/laravel/framework/src/Illuminate/Pipeline/Pipeline.php(219): Illuminate/Http/Middleware/TrustProxies->handle(Object(Illuminate/Http/Request), Object(Closure))
#52 E:/SQL_EXAM/SEM1_T2508M_Test/vendor/laravel/framework/src/Illuminate/Foundation/Http/Middleware/InvokeDeferredCallbacks.php(22): Illuminate/Pipeline/Pipeline->Illuminate/Pipeline/{closure}(Object(Illuminate/Http/Request))
#53 E:/SQL_EXAM/SEM1_T2508M_Test/vendor/laravel/framework/src/Illuminate/Pipeline/Pipeline.php(219): Illuminate/Foundation/Http/Middleware/InvokeDeferredCallbacks->handle(Object(Illuminate/Http/Request), Object(Closure))
#54 E:/SQL_EXAM/SEM1_T2508M_Test/vendor/laravel/framework/src/Illuminate/Http/Middleware/ValidatePathEncoding.php(26): Illuminate/Pipeline/Pipeline->Illuminate/Pipeline/{closure}(Object(Illuminate/Http/Request))
#55 E:/SQL_EXAM/SEM1_T2508M_Test/vendor/laravel/framework/src/Illuminate/Pipeline/Pipeline.php(219): Illuminate/Http/Middleware/ValidatePathEncoding->handle(Object(Illuminate/Http/Request), Object(Closure))
#56 E:/SQL_EXAM/SEM1_T2508M_Test/vendor/laravel/framework/src/Illuminate/Pipeline/Pipeline.php(137): Illuminate/Pipeline/Pipeline->Illuminate/Pipeline/{closure}(Object(Illuminate/Http/Request))
#57 E:/SQL_EXAM/SEM1_T2508M_Test/vendor/laravel/framework/src/Illuminate/Foundation/Http/Kernel.php(175): Illuminate/Pipeline/Pipeline->then(Object(Closure))
#58 E:/SQL_EXAM/SEM1_T2508M_Test/vendor/laravel/framework/src/Illuminate/Foundation/Http/Kernel.php(144): Illuminate/Foundation/Http/Kernel->sendRequestThroughRouter(Object(Illuminate/Http/Request))
#59 E:/SQL_EXAM/SEM1_T2508M_Test/vendor/laravel/framework/src/Illuminate/Foundation/Application.php(1220): Illuminate/Foundation/Http/Kernel->handle(Object(Illuminate/Http/Request))
#60 E:/SQL_EXAM/SEM1_T2508M_Test/public/index.php(20): Illuminate/Foundation/Application->handleRequest(Object(Illuminate/Http/Request))
#61 E:/SQL_EXAM/SEM1_T2508M_Test/vendor/laravel/framework/src/Illuminate/Foundation/resources/server.php(23): require_once('E://SQL_EXAM//SEM...')
#62 {main}
"} 
[2026-01-09 03:50:39] local.ERROR: SQLSTATE[HY000] [2002] An attempt was made to access a socket in a way forbidden by its access permissions (Connection: mysql, Host: 127.0.0.1, Port: 3306, Database: v_store, SQL: select * from `sessions` where `id` = Rxaejks0F9qezgzK6lZBxiXJkeWQFRdj5mSvp7xD limit 1) {"exception":"[object] (Illuminate\\Database\\QueryException(code: 2002): SQLSTATE[HY000] [2002] An attempt was made to access a socket in a way forbidden by its access permissions (Connection: mysql, Host: 127.0.0.1, Port: 3306, Database: v_store, SQL: select * from `sessions` where `id` = Rxaejks0F9qezgzK6lZBxiXJkeWQFRdj5mSvp7xD limit 1) at E:/SQL_EXAM/SEM1_T2508M_Test/vendor/laravel/framework/src/Illuminate/Database/Connection.php:831)
[stacktrace]
#0 E:/SQL_EXAM/SEM1_T2508M_Test/vendor/laravel/framework/src/Illuminate/Database/Connection.php(787): Illuminate/Database/Connection->runQueryCallback('select * from `...', Array, Object(Closure))
#1 E:/SQL_EXAM/SEM1_T2508M_Test/vendor/laravel/framework/src/Illuminate/Database/Connection.php(404): Illuminate/Database/Connection->run('select * from `...', Array, Object(Closure))
#2 E:/SQL_EXAM/SEM1_T2508M_Test/vendor/laravel/framework/src/Illuminate/Database/Query/Builder.php(3232): Illuminate/Database/Connection->select('select * from `...', Array, false)
#3 E:/SQL_EXAM/SEM1_T2508M_Test/vendor/laravel/framework/src/Illuminate/Database/Query/Builder.php(3217): Illuminate/Database/Query/Builder->runSelect()
#4 E:/SQL_EXAM/SEM1_T2508M_Test/vendor/laravel/framework/src/Illuminate/Database/Query/Builder.php(3807): Illuminate/Database/Query/Builder->Illuminate/Database/Query/{closure}()
#5 E:/SQL_EXAM/SEM1_T2508M_Test/vendor/laravel/framework/src/Illuminate/Database/Query/Builder.php(3216): Illuminate/Database/Query/Builder->onceWithColumns(Array, Object(Closure))
#6 E:/SQL_EXAM/SEM1_T2508M_Test/vendor/laravel/framework/src/Illuminate/Database/Concerns/BuildsQueries.php(366): Illuminate/Database/Query/Builder->get(Array)
#7 E:/SQL_EXAM/SEM1_T2508M_Test/vendor/laravel/framework/src/Illuminate/Database/Query/Builder.php(3139): Illuminate/Database/Query/Builder->first(Array)
#8 E:/SQL_EXAM/SEM1_T2508M_Test/vendor/laravel/framework/src/Illuminate/Session/DatabaseSessionHandler.php(96): Illuminate/Database/Query/Builder->find('Rxaejks0F9qezgz...')
#9 E:/SQL_EXAM/SEM1_T2508M_Test/vendor/laravel/framework/src/Illuminate/Session/Store.php(126): Illuminate/Session/DatabaseSessionHandler->read('Rxaejks0F9qezgz...')
#10 E:/SQL_EXAM/SEM1_T2508M_Test/vendor/laravel/framework/src/Illuminate/Session/Store.php(114): Illuminate/Session/Store->readFromHandler()
#11 E:/SQL_EXAM/SEM1_T2508M_Test/vendor/laravel/framework/src/Illuminate/Session/Store.php(98): Illuminate/Session/Store->loadSession()
#12 E:/SQL_EXAM/SEM1_T2508M_Test/vendor/laravel/framework/src/Illuminate/Session/Middleware/StartSession.php(146): Illuminate/Session/Store->start()
#13 E:/SQL_EXAM/SEM1_T2508M_Test/vendor/laravel/framework/src/Illuminate/Support/helpers.php(390): Illuminate/Session/Middleware/StartSession->Illuminate/Session/Middleware/{closure}(Object(Illuminate/Session/Store))
#14 E:/SQL_EXAM/SEM1_T2508M_Test/vendor/laravel/framework/src/Illuminate/Session/Middleware/StartSession.php(143): tap(Object(Illuminate/Session/Store), Object(Closure))
#15 E:/SQL_EXAM/SEM1_T2508M_Test/vendor/laravel/framework/src/Illuminate/Session/Middleware/StartSession.php(115): Illuminate/Session/Middleware/StartSession->startSession(Object(Illuminate/Http/Request), Object(Illuminate/Session/Store))
#16 E:/SQL_EXAM/SEM1_T2508M_Test/vendor/laravel/framework/src/Illuminate/Session/Middleware/StartSession.php(63): Illuminate/Session/Middleware/StartSession->handleStatefulRequest(Object(Illuminate/Http/Request), Object(Illuminate/Session/Store), Object(Closure))
#17 E:/SQL_EXAM/SEM1_T2508M_Test/vendor/laravel/framework/src/Illuminate/Pipeline/Pipeline.php(219): Illuminate/Session/Middleware/StartSession->handle(Object(Illuminate/Http/Request), Object(Closure))
#18 E:/SQL_EXAM/SEM1_T2508M_Test/vendor/laravel/framework/src/Illuminate/Cookie/Middleware/AddQueuedCookiesToResponse.php(36): Illuminate/Pipeline/Pipeline->Illuminate/Pipeline/{closure}(Object(Illuminate/Http/Request))
#19 E:/SQL_EXAM/SEM1_T2508M_Test/vendor/laravel/framework/src/Illuminate/Pipeline/Pipeline.php(219): Illuminate/Cookie/Middleware/AddQueuedCookiesToResponse->handle(Object(Illuminate/Http/Request), Object(Closure))
#20 E:/SQL_EXAM/SEM1_T2508M_Test/vendor/laravel/framework/src/Illuminate/Cookie/Middleware/EncryptCookies.php(74): Illuminate/Pipeline/Pipeline->Illuminate/Pipeline/{closure}(Object(Illuminate/Http/Request))
#21 E:/SQL_EXAM/SEM1_T2508M_Test/vendor/laravel/framework/src/Illuminate/Pipeline/Pipeline.php(219): Illuminate/Cookie/Middleware/EncryptCookies->handle(Object(Illuminate/Http/Request), Object(Closure))
#22 E:/SQL_EXAM/SEM1_T2508M_Test/vendor/laravel/framework/src/Illuminate/Pipeline/Pipeline.php(137): Illuminate/Pipeline/Pipeline->Illuminate/Pipeline/{closure}(Object(Illuminate/Http/Request))
#23 E:/SQL_EXAM/SEM1_T2508M_Test/vendor/laravel/framework/src/Illuminate/Routing/Router.php(821): Illuminate/Pipeline/Pipeline->then(Object(Closure))
#24 E:/SQL_EXAM/SEM1_T2508M_Test/vendor/laravel/framework/src/Illuminate/Routing/Router.php(800): Illuminate/Routing/Router->runRouteWithinStack(Object(Illuminate/Routing/Route), Object(Illuminate/Http/Request))
#25 E:/SQL_EXAM/SEM1_T2508M_Test/vendor/laravel/framework/src/Illuminate/Routing/Router.php(764): Illuminate/Routing/Router->runRoute(Object(Illuminate/Http/Request), Object(Illuminate/Routing/Route))
#26 E:/SQL_EXAM/SEM1_T2508M_Test/vendor/laravel/framework/src/Illuminate/Routing/Router.php(753): Illuminate/Routing/Router->dispatchToRoute(Object(Illuminate/Http/Request))
#27 E:/SQL_EXAM/SEM1_T2508M_Test/vendor/laravel/framework/src/Illuminate/Foundation/Http/Kernel.php(200): Illuminate/Routing/Router->dispatch(Object(Illuminate/Http/Request))
#28 E:/SQL_EXAM/SEM1_T2508M_Test/vendor/laravel/framework/src/Illuminate/Pipeline/Pipeline.php(180): Illuminate/Foundation/Http/Kernel->Illuminate/Foundation/Http/{closure}(Object(Illuminate/Http/Request))
#29 E:/SQL_EXAM/SEM1_T2508M_Test/vendor/laravel/framework/src/Illuminate/Foundation/Http/Middleware/TransformsRequest.php(21): Illuminate/Pipeline/Pipeline->Illuminate/Pipeline/{closure}(Object(Illuminate/Http/Request))
#30 E:/SQL_EXAM/SEM1_T2508M_Test/vendor/laravel/framework/src/Illuminate/Foundation/Http/Middleware/ConvertEmptyStringsToNull.php(31): Illuminate/Foundation/Http/Middleware/TransformsRequest->handle(Object(Illuminate/Http/Request), Object(Closure))
#31 E:/SQL_EXAM/SEM1_T2508M_Test/vendor/laravel/framework/src/Illuminate/Pipeline/Pipeline.php(219): Illuminate/Foundation/Http/Middleware/ConvertEmptyStringsToNull->handle(Object(Illuminate/Http/Request), Object(Closure))
#32 E:/SQL_EXAM/SEM1_T2508M_Test/vendor/laravel/framework/src/Illuminate/Foundation/Http/Middleware/TransformsRequest.php(21): Illuminate/Pipeline/Pipeline->Illuminate/Pipeline/{closure}(Object(Illuminate/Http/Request))
#33 E:/SQL_EXAM/SEM1_T2508M_Test/vendor/laravel/framework/src/Illuminate/Foundation/Http/Middleware/TrimStrings.php(51): Illuminate/Foundation/Http/Middleware/TransformsRequest->handle(Object(Illuminate/Http/Request), Object(Closure))
#34 E:/SQL_EXAM/SEM1_T2508M_Test/vendor/laravel/framework/src/Illuminate/Pipeline/Pipeline.php(219): Illuminate/Foundation/Http/Middleware/TrimStrings->handle(Object(Illuminate/Http/Request), Object(Closure))
#35 E:/SQL_EXAM/SEM1_T2508M_Test/vendor/laravel/framework/src/Illuminate/Http/Middleware/ValidatePostSize.php(27): Illuminate/Pipeline/Pipeline->Illuminate/Pipeline/{closure}(Object(Illuminate/Http/Request))
#36 E:/SQL_EXAM/SEM1_T2508M_Test/vendor/laravel/framework/src/Illuminate/Pipeline/Pipeline.php(219): Illuminate/Http/Middleware/ValidatePostSize->handle(Object(Illuminate/Http/Request), Object(Closure))
#37 E:/SQL_EXAM/SEM1_T2508M_Test/vendor/laravel/framework/src/Illuminate/Foundation/Http/Middleware/PreventRequestsDuringMaintenance.php(109): Illuminate/Pipeline/Pipeline->Illuminate/Pipeline/{closure}(Object(Illuminate/Http/Request))
#38 E:/SQL_EXAM/SEM1_T2508M_Test/vendor/laravel/framework/src/Illuminate/Pipeline/Pipeline.php(219): Illuminate/Foundation/Http/Middleware/PreventRequestsDuringMaintenance->handle(Object(Illuminate/Http/Request), Object(Closure))
#39 E:/SQL_EXAM/SEM1_T2508M_Test/vendor/laravel/framework/src/Illuminate/Http/Middleware/HandleCors.php(48): Illuminate/Pipeline/Pipeline->Illuminate/Pipeline/{closure}(Object(Illuminate/Http/Request))
#40 E:/SQL_EXAM/SEM1_T2508M_Test/vendor/laravel/framework/src/Illuminate/Pipeline/Pipeline.php(219): Illuminate/Http/Middleware/HandleCors->handle(Object(Illuminate/Http/Request), Object(Closure))
#41 E:/SQL_EXAM/SEM1_T2508M_Test/vendor/laravel/framework/src/Illuminate/Http/Middleware/TrustProxies.php(58): Illuminate/Pipeline/Pipeline->Illuminate/Pipeline/{closure}(Object(Illuminate/Http/Request))
#42 E:/SQL_EXAM/SEM1_T2508M_Test/vendor/laravel/framework/src/Illuminate/Pipeline/Pipeline.php(219): Illuminate/Http/Middleware/TrustProxies->handle(Object(Illuminate/Http/Request), Object(Closure))
#43 E:/SQL_EXAM/SEM1_T2508M_Test/vendor/laravel/framework/src/Illuminate/Foundation/Http/Middleware/InvokeDeferredCallbacks.php(22): Illuminate/Pipeline/Pipeline->Illuminate/Pipeline/{closure}(Object(Illuminate/Http/Request))
#44 E:/SQL_EXAM/SEM1_T2508M_Test/vendor/laravel/framework/src/Illuminate/Pipeline/Pipeline.php(219): Illuminate/Foundation/Http/Middleware/InvokeDeferredCallbacks->handle(Object(Illuminate/Http/Request), Object(Closure))
#45 E:/SQL_EXAM/SEM1_T2508M_Test/vendor/laravel/framework/src/Illuminate/Http/Middleware/ValidatePathEncoding.php(26): Illuminate/Pipeline/Pipeline->Illuminate/Pipeline/{closure}(Object(Illuminate/Http/Request))
#46 E:/SQL_EXAM/SEM1_T2508M_Test/vendor/laravel/framework/src/Illuminate/Pipeline/Pipeline.php(219): Illuminate/Http/Middleware/ValidatePathEncoding->handle(Object(Illuminate/Http/Request), Object(Closure))
#47 E:/SQL_EXAM/SEM1_T2508M_Test/vendor/laravel/framework/src/Illuminate/Pipeline/Pipeline.php(137): Illuminate/Pipeline/Pipeline->Illuminate/Pipeline/{closure}(Object(Illuminate/Http/Request))
#48 E:/SQL_EXAM/SEM1_T2508M_Test/vendor/laravel/framework/src/Illuminate/Foundation/Http/Kernel.php(175): Illuminate/Pipeline/Pipeline->then(Object(Closure))
#49 E:/SQL_EXAM/SEM1_T2508M_Test/vendor/laravel/framework/src/Illuminate/Foundation/Http/Kernel.php(144): Illuminate/Foundation/Http/Kernel->sendRequestThroughRouter(Object(Illuminate/Http/Request))
#50 E:/SQL_EXAM/SEM1_T2508M_Test/vendor/laravel/framework/src/Illuminate/Foundation/Application.php(1220): Illuminate/Foundation/Http/Kernel->handle(Object(Illuminate/Http/Request))
#51 E:/SQL_EXAM/SEM1_T2508M_Test/public/index.php(20): Illuminate/Foundation/Application->handleRequest(Object(Illuminate/Http/Request))
#52 E:/SQL_EXAM/SEM1_T2508M_Test/vendor/laravel/framework/src/Illuminate/Foundation/resources/server.php(23): require_once('E://SQL_EXAM//SEM...')
#53 {main}

[previous exception] [object] (PDOException(code: 2002): SQLSTATE[HY000] [2002] An attempt was made to access a socket in a way forbidden by its access permissions at E:/SQL_EXAM/SEM1_T2508M_Test/vendor/laravel/framework/src/Illuminate/Database/Connectors/Connector.php:66)
[stacktrace]
#0 E:/SQL_EXAM/SEM1_T2508M_Test/vendor/laravel/framework/src/Illuminate/Database/Connectors/Connector.php(66): PDO->__construct('mysql:host=127....', 'root', Object(SensitiveParameterValue), Array)
#1 E:/SQL_EXAM/SEM1_T2508M_Test/vendor/laravel/framework/src/Illuminate/Database/Connectors/Connector.php(44): Illuminate/Database/Connectors/Connector->createPdoConnection('mysql:host=127....', 'root', Object(SensitiveParameterValue), Array)
#2 E:/SQL_EXAM/SEM1_T2508M_Test/vendor/laravel/framework/src/Illuminate/Database/Connectors/MySqlConnector.php(24): Illuminate/Database/Connectors/Connector->createConnection('mysql:host=127....', Array, Array)
#3 E:/SQL_EXAM/SEM1_T2508M_Test/vendor/laravel/framework/src/Illuminate/Database/Connectors/ConnectionFactory.php(184): Illuminate/Database/Connectors/MySqlConnector->connect(Array)
#4 [internal function]: Illuminate/Database/Connectors/ConnectionFactory->Illuminate/Database/Connectors/{closure}()
#5 E:/SQL_EXAM/SEM1_T2508M_Test/vendor/laravel/framework/src/Illuminate/Database/Connection.php(1250): call_user_func(Object(Closure))
#6 E:/SQL_EXAM/SEM1_T2508M_Test/vendor/laravel/framework/src/Illuminate/Database/Connection.php(518): Illuminate/Database/Connection->getPdo()
#7 E:/SQL_EXAM/SEM1_T2508M_Test/vendor/laravel/framework/src/Illuminate/Database/Connection.php(413): Illuminate/Database/Connection->getPdoForSelect(false)
#8 E:/SQL_EXAM/SEM1_T2508M_Test/vendor/laravel/framework/src/Illuminate/Database/Connection.php(820): Illuminate/Database/Connection->Illuminate/Database/{closure}('select * from `...', Array)
#9 E:/SQL_EXAM/SEM1_T2508M_Test/vendor/laravel/framework/src/Illuminate/Database/Connection.php(787): Illuminate/Database/Connection->runQueryCallback('select * from `...', Array, Object(Closure))
#10 E:/SQL_EXAM/SEM1_T2508M_Test/vendor/laravel/framework/src/Illuminate/Database/Connection.php(404): Illuminate/Database/Connection->run('select * from `...', Array, Object(Closure))
#11 E:/SQL_EXAM/SEM1_T2508M_Test/vendor/laravel/framework/src/Illuminate/Database/Query/Builder.php(3232): Illuminate/Database/Connection->select('select * from `...', Array, false)
#12 E:/SQL_EXAM/SEM1_T2508M_Test/vendor/laravel/framework/src/Illuminate/Database/Query/Builder.php(3217): Illuminate/Database/Query/Builder->runSelect()
#13 E:/SQL_EXAM/SEM1_T2508M_Test/vendor/laravel/framework/src/Illuminate/Database/Query/Builder.php(3807): Illuminate/Database/Query/Builder->Illuminate/Database/Query/{closure}()
#14 E:/SQL_EXAM/SEM1_T2508M_Test/vendor/laravel/framework/src/Illuminate/Database/Query/Builder.php(3216): Illuminate/Database/Query/Builder->onceWithColumns(Array, Object(Closure))
#15 E:/SQL_EXAM/SEM1_T2508M_Test/vendor/laravel/framework/src/Illuminate/Database/Concerns/BuildsQueries.php(366): Illuminate/Database/Query/Builder->get(Array)
#16 E:/SQL_EXAM/SEM1_T2508M_Test/vendor/laravel/framework/src/Illuminate/Database/Query/Builder.php(3139): Illuminate/Database/Query/Builder->first(Array)
#17 E:/SQL_EXAM/SEM1_T2508M_Test/vendor/laravel/framework/src/Illuminate/Session/DatabaseSessionHandler.php(96): Illuminate/Database/Query/Builder->find('Rxaejks0F9qezgz...')
#18 E:/SQL_EXAM/SEM1_T2508M_Test/vendor/laravel/framework/src/Illuminate/Session/Store.php(126): Illuminate/Session/DatabaseSessionHandler->read('Rxaejks0F9qezgz...')
#19 E:/SQL_EXAM/SEM1_T2508M_Test/vendor/laravel/framework/src/Illuminate/Session/Store.php(114): Illuminate/Session/Store->readFromHandler()
#20 E:/SQL_EXAM/SEM1_T2508M_Test/vendor/laravel/framework/src/Illuminate/Session/Store.php(98): Illuminate/Session/Store->loadSession()
#21 E:/SQL_EXAM/SEM1_T2508M_Test/vendor/laravel/framework/src/Illuminate/Session/Middleware/StartSession.php(146): Illuminate/Session/Store->start()
#22 E:/SQL_EXAM/SEM1_T2508M_Test/vendor/laravel/framework/src/Illuminate/Support/helpers.php(390): Illuminate/Session/Middleware/StartSession->Illuminate/Session/Middleware/{closure}(Object(Illuminate/Session/Store))
#23 E:/SQL_EXAM/SEM1_T2508M_Test/vendor/laravel/framework/src/Illuminate/Session/Middleware/StartSession.php(143): tap(Object(Illuminate/Session/Store), Object(Closure))
#24 E:/SQL_EXAM/SEM1_T2508M_Test/vendor/laravel/framework/src/Illuminate/Session/Middleware/StartSession.php(115): Illuminate/Session/Middleware/StartSession->startSession(Object(Illuminate/Http/Request), Object(Illuminate/Session/Store))
#25 E:/SQL_EXAM/SEM1_T2508M_Test/vendor/laravel/framework/src/Illuminate/Session/Middleware/StartSession.php(63): Illuminate/Session/Middleware/StartSession->handleStatefulRequest(Object(Illuminate/Http/Request), Object(Illuminate/Session/Store), Object(Closure))
#26 E:/SQL_EXAM/SEM1_T2508M_Test/vendor/laravel/framework/src/Illuminate/Pipeline/Pipeline.php(219): Illuminate/Session/Middleware/StartSession->handle(Object(Illuminate/Http/Request), Object(Closure))
#27 E:/SQL_EXAM/SEM1_T2508M_Test/vendor/laravel/framework/src/Illuminate/Cookie/Middleware/AddQueuedCookiesToResponse.php(36): Illuminate/Pipeline/Pipeline->Illuminate/Pipeline/{closure}(Object(Illuminate/Http/Request))
#28 E:/SQL_EXAM/SEM1_T2508M_Test/vendor/laravel/framework/src/Illuminate/Pipeline/Pipeline.php(219): Illuminate/Cookie/Middleware/AddQueuedCookiesToResponse->handle(Object(Illuminate/Http/Request), Object(Closure))
#29 E:/SQL_EXAM/SEM1_T2508M_Test/vendor/laravel/framework/src/Illuminate/Cookie/Middleware/EncryptCookies.php(74): Illuminate/Pipeline/Pipeline->Illuminate/Pipeline/{closure}(Object(Illuminate/Http/Request))
#30 E:/SQL_EXAM/SEM1_T2508M_Test/vendor/laravel/framework/src/Illuminate/Pipeline/Pipeline.php(219): Illuminate/Cookie/Middleware/EncryptCookies->handle(Object(Illuminate/Http/Request), Object(Closure))
#31 E:/SQL_EXAM/SEM1_T2508M_Test/vendor/laravel/framework/src/Illuminate/Pipeline/Pipeline.php(137): Illuminate/Pipeline/Pipeline->Illuminate/Pipeline/{closure}(Object(Illuminate/Http/Request))
#32 E:/SQL_EXAM/SEM1_T2508M_Test/vendor/laravel/framework/src/Illuminate/Routing/Router.php(821): Illuminate/Pipeline/Pipeline->then(Object(Closure))
#33 E:/SQL_EXAM/SEM1_T2508M_Test/vendor/laravel/framework/src/Illuminate/Routing/Router.php(800): Illuminate/Routing/Router->runRouteWithinStack(Object(Illuminate/Routing/Route), Object(Illuminate/Http/Request))
#34 E:/SQL_EXAM/SEM1_T2508M_Test/vendor/laravel/framework/src/Illuminate/Routing/Router.php(764): Illuminate/Routing/Router->runRoute(Object(Illuminate/Http/Request), Object(Illuminate/Routing/Route))
#35 E:/SQL_EXAM/SEM1_T2508M_Test/vendor/laravel/framework/src/Illuminate/Routing/Router.php(753): Illuminate/Routing/Router->dispatchToRoute(Object(Illuminate/Http/Request))
#36 E:/SQL_EXAM/SEM1_T2508M_Test/vendor/laravel/framework/src/Illuminate/Foundation/Http/Kernel.php(200): Illuminate/Routing/Router->dispatch(Object(Illuminate/Http/Request))
#37 E:/SQL_EXAM/SEM1_T2508M_Test/vendor/laravel/framework/src/Illuminate/Pipeline/Pipeline.php(180): Illuminate/Foundation/Http/Kernel->Illuminate/Foundation/Http/{closure}(Object(Illuminate/Http/Request))
#38 E:/SQL_EXAM/SEM1_T2508M_Test/vendor/laravel/framework/src/Illuminate/Foundation/Http/Middleware/TransformsRequest.php(21): Illuminate/Pipeline/Pipeline->Illuminate/Pipeline/{closure}(Object(Illuminate/Http/Request))
#39 E:/SQL_EXAM/SEM1_T2508M_Test/vendor/laravel/framework/src/Illuminate/Foundation/Http/Middleware/ConvertEmptyStringsToNull.php(31): Illuminate/Foundation/Http/Middleware/TransformsRequest->handle(Object(Illuminate/Http/Request), Object(Closure))
#40 E:/SQL_EXAM/SEM1_T2508M_Test/vendor/laravel/framework/src/Illuminate/Pipeline/Pipeline.php(219): Illuminate/Foundation/Http/Middleware/ConvertEmptyStringsToNull->handle(Object(Illuminate/Http/Request), Object(Closure))
#41 E:/SQL_EXAM/SEM1_T2508M_Test/vendor/laravel/framework/src/Illuminate/Foundation/Http/Middleware/TransformsRequest.php(21): Illuminate/Pipeline/Pipeline->Illuminate/Pipeline/{closure}(Object(Illuminate/Http/Request))
#42 E:/SQL_EXAM/SEM1_T2508M_Test/vendor/laravel/framework/src/Illuminate/Foundation/Http/Middleware/TrimStrings.php(51): Illuminate/Foundation/Http/Middleware/TransformsRequest->handle(Object(Illuminate/Http/Request), Object(Closure))
#43 E:/SQL_EXAM/SEM1_T2508M_Test/vendor/laravel/framework/src/Illuminate/Pipeline/Pipeline.php(219): Illuminate/Foundation/Http/Middleware/TrimStrings->handle(Object(Illuminate/Http/Request), Object(Closure))
#44 E:/SQL_EXAM/SEM1_T2508M_Test/vendor/laravel/framework/src/Illuminate/Http/Middleware/ValidatePostSize.php(27): Illuminate/Pipeline/Pipeline->Illuminate/Pipeline/{closure}(Object(Illuminate/Http/Request))
#45 E:/SQL_EXAM/SEM1_T2508M_Test/vendor/laravel/framework/src/Illuminate/Pipeline/Pipeline.php(219): Illuminate/Http/Middleware/ValidatePostSize->handle(Object(Illuminate/Http/Request), Object(Closure))
#46 E:/SQL_EXAM/SEM1_T2508M_Test/vendor/laravel/framework/src/Illuminate/Foundation/Http/Middleware/PreventRequestsDuringMaintenance.php(109): Illuminate/Pipeline/Pipeline->Illuminate/Pipeline/{closure}(Object(Illuminate/Http/Request))
#47 E:/SQL_EXAM/SEM1_T2508M_Test/vendor/laravel/framework/src/Illuminate/Pipeline/Pipeline.php(219): Illuminate/Foundation/Http/Middleware/PreventRequestsDuringMaintenance->handle(Object(Illuminate/Http/Request), Object(Closure))
#48 E:/SQL_EXAM/SEM1_T2508M_Test/vendor/laravel/framework/src/Illuminate/Http/Middleware/HandleCors.php(48): Illuminate/Pipeline/Pipeline->Illuminate/Pipeline/{closure}(Object(Illuminate/Http/Request))
#49 E:/SQL_EXAM/SEM1_T2508M_Test/vendor/laravel/framework/src/Illuminate/Pipeline/Pipeline.php(219): Illuminate/Http/Middleware/HandleCors->handle(Object(Illuminate/Http/Request), Object(Closure))
#50 E:/SQL_EXAM/SEM1_T2508M_Test/vendor/laravel/framework/src/Illuminate/Http/Middleware/TrustProxies.php(58): Illuminate/Pipeline/Pipeline->Illuminate/Pipeline/{closure}(Object(Illuminate/Http/Request))
#51 E:/SQL_EXAM/SEM1_T2508M_Test/vendor/laravel/framework/src/Illuminate/Pipeline/Pipeline.php(219): Illuminate/Http/Middleware/TrustProxies->handle(Object(Illuminate/Http/Request), Object(Closure))
#52 E:/SQL_EXAM/SEM1_T2508M_Test/vendor/laravel/framework/src/Illuminate/Foundation/Http/Middleware/InvokeDeferredCallbacks.php(22): Illuminate/Pipeline/Pipeline->Illuminate/Pipeline/{closure}(Object(Illuminate/Http/Request))
#53 E:/SQL_EXAM/SEM1_T2508M_Test/vendor/laravel/framework/src/Illuminate/Pipeline/Pipeline.php(219): Illuminate/Foundation/Http/Middleware/InvokeDeferredCallbacks->handle(Object(Illuminate/Http/Request), Object(Closure))
#54 E:/SQL_EXAM/SEM1_T2508M_Test/vendor/laravel/framework/src/Illuminate/Http/Middleware/ValidatePathEncoding.php(26): Illuminate/Pipeline/Pipeline->Illuminate/Pipeline/{closure}(Object(Illuminate/Http/Request))
#55 E:/SQL_EXAM/SEM1_T2508M_Test/vendor/laravel/framework/src/Illuminate/Pipeline/Pipeline.php(219): Illuminate/Http/Middleware/ValidatePathEncoding->handle(Object(Illuminate/Http/Request), Object(Closure))
#56 E:/SQL_EXAM/SEM1_T2508M_Test/vendor/laravel/framework/src/Illuminate/Pipeline/Pipeline.php(137): Illuminate/Pipeline/Pipeline->Illuminate/Pipeline/{closure}(Object(Illuminate/Http/Request))
#57 E:/SQL_EXAM/SEM1_T2508M_Test/vendor/laravel/framework/src/Illuminate/Foundation/Http/Kernel.php(175): Illuminate/Pipeline/Pipeline->then(Object(Closure))
#58 E:/SQL_EXAM/SEM1_T2508M_Test/vendor/laravel/framework/src/Illuminate/Foundation/Http/Kernel.php(144): Illuminate/Foundation/Http/Kernel->sendRequestThroughRouter(Object(Illuminate/Http/Request))
#59 E:/SQL_EXAM/SEM1_T2508M_Test/vendor/laravel/framework/src/Illuminate/Foundation/Application.php(1220): Illuminate/Foundation/Http/Kernel->handle(Object(Illuminate/Http/Request))
#60 E:/SQL_EXAM/SEM1_T2508M_Test/public/index.php(20): Illuminate/Foundation/Application->handleRequest(Object(Illuminate/Http/Request))
#61 E:/SQL_EXAM/SEM1_T2508M_Test/vendor/laravel/framework/src/Illuminate/Foundation/resources/server.php(23): require_once('E://SQL_EXAM//SEM...')
#62 {main}
"} 
[2026-01-09 03:54:39] local.ERROR: include(E:\SQL_EXAM\SEM1_T2508M_Test\vendor\composer/../../app/Http/Controllers/ItemSaleController.php): Failed to open stream: No such file or directory {"exception":"[object] (ErrorException(code: 0): include(E:\\SQL_EXAM\\SEM1_T2508M_Test\\vendor\\composer/../../app/Http/Controllers/ItemSaleController.php): Failed to open stream: No such file or directory at E:/SQL_EXAM/SEM1_T2508M_Test/vendor/composer/ClassLoader.php:576)
[stacktrace]
#0 E:/SQL_EXAM/SEM1_T2508M_Test/vendor/laravel/framework/src/Illuminate/Foundation/Bootstrap/HandleExceptions.php(258): Illuminate/Foundation/Bootstrap/HandleExceptions->handleError(2, 'include(E://SQL_...', 'E://SQL_EXAM//SEM...', 576)
#1 E:/SQL_EXAM/SEM1_T2508M_Test/vendor/composer/ClassLoader.php(576): Illuminate/Foundation/Bootstrap/HandleExceptions->Illuminate/Foundation/Bootstrap/{closure}(2, 'include(E://SQL_...', 'E://SQL_EXAM//SEM...', 576)
#2 E:/SQL_EXAM/SEM1_T2508M_Test/vendor/composer/ClassLoader.php(576): include('E://SQL_EXAM//SEM...')
#3 E:/SQL_EXAM/SEM1_T2508M_Test/vendor/composer/ClassLoader.php(427): Composer/Autoload/{closure}('E://SQL_EXAM//SEM...')
#4 [internal function]: Composer/Autoload/ClassLoader->loadClass('App//Http//Contro...')
#5 E:/SQL_EXAM/SEM1_T2508M_Test/vendor/laravel/framework/src/Illuminate/Routing/Route.php(1125): is_a('App//Http//Contro...', 'Illuminate//Rout...', true)
#6 E:/SQL_EXAM/SEM1_T2508M_Test/vendor/laravel/framework/src/Illuminate/Routing/Route.php(1062): Illuminate/Routing/Route->controllerMiddleware()
#7 E:/SQL_EXAM/SEM1_T2508M_Test/vendor/laravel/framework/src/Illuminate/Routing/Router.php(834): Illuminate/Routing/Route->gatherMiddleware()
#8 E:/SQL_EXAM/SEM1_T2508M_Test/vendor/laravel/framework/src/Illuminate/Routing/Router.php(816): Illuminate/Routing/Router->gatherRouteMiddleware(Object(Illuminate/Routing/Route))
#9 E:/SQL_EXAM/SEM1_T2508M_Test/vendor/laravel/framework/src/Illuminate/Routing/Router.php(800): Illuminate/Routing/Router->runRouteWithinStack(Object(Illuminate/Routing/Route), Object(Illuminate/Http/Request))
#10 E:/SQL_EXAM/SEM1_T2508M_Test/vendor/laravel/framework/src/Illuminate/Routing/Router.php(764): Illuminate/Routing/Router->runRoute(Object(Illuminate/Http/Request), Object(Illuminate/Routing/Route))
#11 E:/SQL_EXAM/SEM1_T2508M_Test/vendor/laravel/framework/src/Illuminate/Routing/Router.php(753): Illuminate/Routing/Router->dispatchToRoute(Object(Illuminate/Http/Request))
#12 E:/SQL_EXAM/SEM1_T2508M_Test/vendor/laravel/framework/src/Illuminate/Foundation/Http/Kernel.php(200): Illuminate/Routing/Router->dispatch(Object(Illuminate/Http/Request))
#13 E:/SQL_EXAM/SEM1_T2508M_Test/vendor/laravel/framework/src/Illuminate/Pipeline/Pipeline.php(180): Illuminate/Foundation/Http/Kernel->Illuminate/Foundation/Http/{closure}(Object(Illuminate/Http/Request))
#14 E:/SQL_EXAM/SEM1_T2508M_Test/vendor/laravel/framework/src/Illuminate/Foundation/Http/Middleware/TransformsRequest.php(21): Illuminate/Pipeline/Pipeline->Illuminate/Pipeline/{closure}(Object(Illuminate/Http/Request))
#15 E:/SQL_EXAM/SEM1_T2508M_Test/vendor/laravel/framework/src/Illuminate/Foundation/Http/Middleware/ConvertEmptyStringsToNull.php(31): Illuminate/Foundation/Http/Middleware/TransformsRequest->handle(Object(Illuminate/Http/Request), Object(Closure))
#16 E:/SQL_EXAM/SEM1_T2508M_Test/vendor/laravel/framework/src/Illuminate/Pipeline/Pipeline.php(219): Illuminate/Foundation/Http/Middleware/ConvertEmptyStringsToNull->handle(Object(Illuminate/Http/Request), Object(Closure))
#17 E:/SQL_EXAM/SEM1_T2508M_Test/vendor/laravel/framework/src/Illuminate/Foundation/Http/Middleware/TransformsRequest.php(21): Illuminate/Pipeline/Pipeline->Illuminate/Pipeline/{closure}(Object(Illuminate/Http/Request))
#18 E:/SQL_EXAM/SEM1_T2508M_Test/vendor/laravel/framework/src/Illuminate/Foundation/Http/Middleware/TrimStrings.php(51): Illuminate/Foundation/Http/Middleware/TransformsRequest->handle(Object(Illuminate/Http/Request), Object(Closure))
#19 E:/SQL_EXAM/SEM1_T2508M_Test/vendor/laravel/framework/src/Illuminate/Pipeline/Pipeline.php(219): Illuminate/Foundation/Http/Middleware/TrimStrings->handle(Object(Illuminate/Http/Request), Object(Closure))
#20 E:/SQL_EXAM/SEM1_T2508M_Test/vendor/laravel/framework/src/Illuminate/Http/Middleware/ValidatePostSize.php(27): Illuminate/Pipeline/Pipeline->Illuminate/Pipeline/{closure}(Object(Illuminate/Http/Request))
#21 E:/SQL_EXAM/SEM1_T2508M_Test/vendor/laravel/framework/src/Illuminate/Pipeline/Pipeline.php(219): Illuminate/Http/Middleware/ValidatePostSize->handle(Object(Illuminate/Http/Request), Object(Closure))
#22 E:/SQL_EXAM/SEM1_T2508M_Test/vendor/laravel/framework/src/Illuminate/Foundation/Http/Middleware/PreventRequestsDuringMaintenance.php(109): Illuminate/Pipeline/Pipeline->Illuminate/Pipeline/{closure}(Object(Illuminate/Http/Request))
#23 E:/SQL_EXAM/SEM1_T2508M_Test/vendor/laravel/framework/src/Illuminate/Pipeline/Pipeline.php(219): Illuminate/Foundation/Http/Middleware/PreventRequestsDuringMaintenance->handle(Object(Illuminate/Http/Request), Object(Closure))
#24 E:/SQL_EXAM/SEM1_T2508M_Test/vendor/laravel/framework/src/Illuminate/Http/Middleware/HandleCors.php(48): Illuminate/Pipeline/Pipeline->Illuminate/Pipeline/{closure}(Object(Illuminate/Http/Request))
#25 E:/SQL_EXAM/SEM1_T2508M_Test/vendor/laravel/framework/src/Illuminate/Pipeline/Pipeline.php(219): Illuminate/Http/Middleware/HandleCors->handle(Object(Illuminate/Http/Request), Object(Closure))
#26 E:/SQL_EXAM/SEM1_T2508M_Test/vendor/laravel/framework/src/Illuminate/Http/Middleware/TrustProxies.php(58): Illuminate/Pipeline/Pipeline->Illuminate/Pipeline/{closure}(Object(Illuminate/Http/Request))
#27 E:/SQL_EXAM/SEM1_T2508M_Test/vendor/laravel/framework/src/Illuminate/Pipeline/Pipeline.php(219): Illuminate/Http/Middleware/TrustProxies->handle(Object(Illuminate/Http/Request), Object(Closure))
#28 E:/SQL_EXAM/SEM1_T2508M_Test/vendor/laravel/framework/src/Illuminate/Foundation/Http/Middleware/InvokeDeferredCallbacks.php(22): Illuminate/Pipeline/Pipeline->Illuminate/Pipeline/{closure}(Object(Illuminate/Http/Request))
#29 E:/SQL_EXAM/SEM1_T2508M_Test/vendor/laravel/framework/src/Illuminate/Pipeline/Pipeline.php(219): Illuminate/Foundation/Http/Middleware/InvokeDeferredCallbacks->handle(Object(Illuminate/Http/Request), Object(Closure))
#30 E:/SQL_EXAM/SEM1_T2508M_Test/vendor/laravel/framework/src/Illuminate/Http/Middleware/ValidatePathEncoding.php(26): Illuminate/Pipeline/Pipeline->Illuminate/Pipeline/{closure}(Object(Illuminate/Http/Request))
#31 E:/SQL_EXAM/SEM1_T2508M_Test/vendor/laravel/framework/src/Illuminate/Pipeline/Pipeline.php(219): Illuminate/Http/Middleware/ValidatePathEncoding->handle(Object(Illuminate/Http/Request), Object(Closure))
#32 E:/SQL_EXAM/SEM1_T2508M_Test/vendor/laravel/framework/src/Illuminate/Pipeline/Pipeline.php(137): Illuminate/Pipeline/Pipeline->Illuminate/Pipeline/{closure}(Object(Illuminate/Http/Request))
#33 E:/SQL_EXAM/SEM1_T2508M_Test/vendor/laravel/framework/src/Illuminate/Foundation/Http/Kernel.php(175): Illuminate/Pipeline/Pipeline->then(Object(Closure))
#34 E:/SQL_EXAM/SEM1_T2508M_Test/vendor/laravel/framework/src/Illuminate/Foundation/Http/Kernel.php(144): Illuminate/Foundation/Http/Kernel->sendRequestThroughRouter(Object(Illuminate/Http/Request))
#35 E:/SQL_EXAM/SEM1_T2508M_Test/vendor/laravel/framework/src/Illuminate/Foundation/Application.php(1220): Illuminate/Foundation/Http/Kernel->handle(Object(Illuminate/Http/Request))
#36 E:/SQL_EXAM/SEM1_T2508M_Test/public/index.php(20): Illuminate/Foundation/Application->handleRequest(Object(Illuminate/Http/Request))
#37 E:/SQL_EXAM/SEM1_T2508M_Test/vendor/laravel/framework/src/Illuminate/Foundation/resources/server.php(23): require_once('E://SQL_EXAM//SEM...')
#38 {main}
"} 
[2026-01-09 03:54:50] local.ERROR: include(E:\SQL_EXAM\SEM1_T2508M_Test\vendor\composer/../../app/Http/Controllers/ItemSaleController.php): Failed to open stream: No such file or directory {"exception":"[object] (ErrorException(code: 0): include(E:\\SQL_EXAM\\SEM1_T2508M_Test\\vendor\\composer/../../app/Http/Controllers/ItemSaleController.php): Failed to open stream: No such file or directory at E:/SQL_EXAM/SEM1_T2508M_Test/vendor/composer/ClassLoader.php:576)
[stacktrace]
#0 E:/SQL_EXAM/SEM1_T2508M_Test/vendor/laravel/framework/src/Illuminate/Foundation/Bootstrap/HandleExceptions.php(258): Illuminate/Foundation/Bootstrap/HandleExceptions->handleError(2, 'include(E://SQL_...', 'E://SQL_EXAM//SEM...', 576)
#1 E:/SQL_EXAM/SEM1_T2508M_Test/vendor/composer/ClassLoader.php(576): Illuminate/Foundation/Bootstrap/HandleExceptions->Illuminate/Foundation/Bootstrap/{closure}(2, 'include(E://SQL_...', 'E://SQL_EXAM//SEM...', 576)
#2 E:/SQL_EXAM/SEM1_T2508M_Test/vendor/composer/ClassLoader.php(576): include('E://SQL_EXAM//SEM...')
#3 E:/SQL_EXAM/SEM1_T2508M_Test/vendor/composer/ClassLoader.php(427): Composer/Autoload/{closure}('E://SQL_EXAM//SEM...')
#4 [internal function]: Composer/Autoload/ClassLoader->loadClass('App//Http//Contro...')
#5 E:/SQL_EXAM/SEM1_T2508M_Test/vendor/laravel/framework/src/Illuminate/Routing/Route.php(1125): is_a('App//Http//Contro...', 'Illuminate//Rout...', true)
#6 E:/SQL_EXAM/SEM1_T2508M_Test/vendor/laravel/framework/src/Illuminate/Routing/Route.php(1062): Illuminate/Routing/Route->controllerMiddleware()
#7 E:/SQL_EXAM/SEM1_T2508M_Test/vendor/laravel/framework/src/Illuminate/Routing/Router.php(834): Illuminate/Routing/Route->gatherMiddleware()
#8 E:/SQL_EXAM/SEM1_T2508M_Test/vendor/laravel/framework/src/Illuminate/Routing/Router.php(816): Illuminate/Routing/Router->gatherRouteMiddleware(Object(Illuminate/Routing/Route))
#9 E:/SQL_EXAM/SEM1_T2508M_Test/vendor/laravel/framework/src/Illuminate/Routing/Router.php(800): Illuminate/Routing/Router->runRouteWithinStack(Object(Illuminate/Routing/Route), Object(Illuminate/Http/Request))
#10 E:/SQL_EXAM/SEM1_T2508M_Test/vendor/laravel/framework/src/Illuminate/Routing/Router.php(764): Illuminate/Routing/Router->runRoute(Object(Illuminate/Http/Request), Object(Illuminate/Routing/Route))
#11 E:/SQL_EXAM/SEM1_T2508M_Test/vendor/laravel/framework/src/Illuminate/Routing/Router.php(753): Illuminate/Routing/Router->dispatchToRoute(Object(Illuminate/Http/Request))
#12 E:/SQL_EXAM/SEM1_T2508M_Test/vendor/laravel/framework/src/Illuminate/Foundation/Http/Kernel.php(200): Illuminate/Routing/Router->dispatch(Object(Illuminate/Http/Request))
#13 E:/SQL_EXAM/SEM1_T2508M_Test/vendor/laravel/framework/src/Illuminate/Pipeline/Pipeline.php(180): Illuminate/Foundation/Http/Kernel->Illuminate/Foundation/Http/{closure}(Object(Illuminate/Http/Request))
#14 E:/SQL_EXAM/SEM1_T2508M_Test/vendor/laravel/framework/src/Illuminate/Foundation/Http/Middleware/TransformsRequest.php(21): Illuminate/Pipeline/Pipeline->Illuminate/Pipeline/{closure}(Object(Illuminate/Http/Request))
#15 E:/SQL_EXAM/SEM1_T2508M_Test/vendor/laravel/framework/src/Illuminate/Foundation/Http/Middleware/ConvertEmptyStringsToNull.php(31): Illuminate/Foundation/Http/Middleware/TransformsRequest->handle(Object(Illuminate/Http/Request), Object(Closure))
#16 E:/SQL_EXAM/SEM1_T2508M_Test/vendor/laravel/framework/src/Illuminate/Pipeline/Pipeline.php(219): Illuminate/Foundation/Http/Middleware/ConvertEmptyStringsToNull->handle(Object(Illuminate/Http/Request), Object(Closure))
#17 E:/SQL_EXAM/SEM1_T2508M_Test/vendor/laravel/framework/src/Illuminate/Foundation/Http/Middleware/TransformsRequest.php(21): Illuminate/Pipeline/Pipeline->Illuminate/Pipeline/{closure}(Object(Illuminate/Http/Request))
#18 E:/SQL_EXAM/SEM1_T2508M_Test/vendor/laravel/framework/src/Illuminate/Foundation/Http/Middleware/TrimStrings.php(51): Illuminate/Foundation/Http/Middleware/TransformsRequest->handle(Object(Illuminate/Http/Request), Object(Closure))
#19 E:/SQL_EXAM/SEM1_T2508M_Test/vendor/laravel/framework/src/Illuminate/Pipeline/Pipeline.php(219): Illuminate/Foundation/Http/Middleware/TrimStrings->handle(Object(Illuminate/Http/Request), Object(Closure))
#20 E:/SQL_EXAM/SEM1_T2508M_Test/vendor/laravel/framework/src/Illuminate/Http/Middleware/ValidatePostSize.php(27): Illuminate/Pipeline/Pipeline->Illuminate/Pipeline/{closure}(Object(Illuminate/Http/Request))
#21 E:/SQL_EXAM/SEM1_T2508M_Test/vendor/laravel/framework/src/Illuminate/Pipeline/Pipeline.php(219): Illuminate/Http/Middleware/ValidatePostSize->handle(Object(Illuminate/Http/Request), Object(Closure))
#22 E:/SQL_EXAM/SEM1_T2508M_Test/vendor/laravel/framework/src/Illuminate/Foundation/Http/Middleware/PreventRequestsDuringMaintenance.php(109): Illuminate/Pipeline/Pipeline->Illuminate/Pipeline/{closure}(Object(Illuminate/Http/Request))
#23 E:/SQL_EXAM/SEM1_T2508M_Test/vendor/laravel/framework/src/Illuminate/Pipeline/Pipeline.php(219): Illuminate/Foundation/Http/Middleware/PreventRequestsDuringMaintenance->handle(Object(Illuminate/Http/Request), Object(Closure))
#24 E:/SQL_EXAM/SEM1_T2508M_Test/vendor/laravel/framework/src/Illuminate/Http/Middleware/HandleCors.php(48): Illuminate/Pipeline/Pipeline->Illuminate/Pipeline/{closure}(Object(Illuminate/Http/Request))
#25 E:/SQL_EXAM/SEM1_T2508M_Test/vendor/laravel/framework/src/Illuminate/Pipeline/Pipeline.php(219): Illuminate/Http/Middleware/HandleCors->handle(Object(Illuminate/Http/Request), Object(Closure))
#26 E:/SQL_EXAM/SEM1_T2508M_Test/vendor/laravel/framework/src/Illuminate/Http/Middleware/TrustProxies.php(58): Illuminate/Pipeline/Pipeline->Illuminate/Pipeline/{closure}(Object(Illuminate/Http/Request))
#27 E:/SQL_EXAM/SEM1_T2508M_Test/vendor/laravel/framework/src/Illuminate/Pipeline/Pipeline.php(219): Illuminate/Http/Middleware/TrustProxies->handle(Object(Illuminate/Http/Request), Object(Closure))
#28 E:/SQL_EXAM/SEM1_T2508M_Test/vendor/laravel/framework/src/Illuminate/Foundation/Http/Middleware/InvokeDeferredCallbacks.php(22): Illuminate/Pipeline/Pipeline->Illuminate/Pipeline/{closure}(Object(Illuminate/Http/Request))
#29 E:/SQL_EXAM/SEM1_T2508M_Test/vendor/laravel/framework/src/Illuminate/Pipeline/Pipeline.php(219): Illuminate/Foundation/Http/Middleware/InvokeDeferredCallbacks->handle(Object(Illuminate/Http/Request), Object(Closure))
#30 E:/SQL_EXAM/SEM1_T2508M_Test/vendor/laravel/framework/src/Illuminate/Http/Middleware/ValidatePathEncoding.php(26): Illuminate/Pipeline/Pipeline->Illuminate/Pipeline/{closure}(Object(Illuminate/Http/Request))
#31 E:/SQL_EXAM/SEM1_T2508M_Test/vendor/laravel/framework/src/Illuminate/Pipeline/Pipeline.php(219): Illuminate/Http/Middleware/ValidatePathEncoding->handle(Object(Illuminate/Http/Request), Object(Closure))
#32 E:/SQL_EXAM/SEM1_T2508M_Test/vendor/laravel/framework/src/Illuminate/Pipeline/Pipeline.php(137): Illuminate/Pipeline/Pipeline->Illuminate/Pipeline/{closure}(Object(Illuminate/Http/Request))
#33 E:/SQL_EXAM/SEM1_T2508M_Test/vendor/laravel/framework/src/Illuminate/Foundation/Http/Kernel.php(175): Illuminate/Pipeline/Pipeline->then(Object(Closure))
#34 E:/SQL_EXAM/SEM1_T2508M_Test/vendor/laravel/framework/src/Illuminate/Foundation/Http/Kernel.php(144): Illuminate/Foundation/Http/Kernel->sendRequestThroughRouter(Object(Illuminate/Http/Request))
#35 E:/SQL_EXAM/SEM1_T2508M_Test/vendor/laravel/framework/src/Illuminate/Foundation/Application.php(1220): Illuminate/Foundation/Http/Kernel->handle(Object(Illuminate/Http/Request))
#36 E:/SQL_EXAM/SEM1_T2508M_Test/public/index.php(20): Illuminate/Foundation/Application->handleRequest(Object(Illuminate/Http/Request))
#37 E:/SQL_EXAM/SEM1_T2508M_Test/vendor/laravel/framework/src/Illuminate/Foundation/resources/server.php(23): require_once('E://SQL_EXAM//SEM...')
#38 {main}
"} 
[2026-01-09 03:54:51] local.ERROR: include(E:\SQL_EXAM\SEM1_T2508M_Test\vendor\composer/../../app/Http/Controllers/ItemSaleController.php): Failed to open stream: No such file or directory {"exception":"[object] (ErrorException(code: 0): include(E:\\SQL_EXAM\\SEM1_T2508M_Test\\vendor\\composer/../../app/Http/Controllers/ItemSaleController.php): Failed to open stream: No such file or directory at E:/SQL_EXAM/SEM1_T2508M_Test/vendor/composer/ClassLoader.php:576)
[stacktrace]
#0 E:/SQL_EXAM/SEM1_T2508M_Test/vendor/laravel/framework/src/Illuminate/Foundation/Bootstrap/HandleExceptions.php(258): Illuminate/Foundation/Bootstrap/HandleExceptions->handleError(2, 'include(E://SQL_...', 'E://SQL_EXAM//SEM...', 576)
#1 E:/SQL_EXAM/SEM1_T2508M_Test/vendor/composer/ClassLoader.php(576): Illuminate/Foundation/Bootstrap/HandleExceptions->Illuminate/Foundation/Bootstrap/{closure}(2, 'include(E://SQL_...', 'E://SQL_EXAM//SEM...', 576)
#2 E:/SQL_EXAM/SEM1_T2508M_Test/vendor/composer/ClassLoader.php(576): include('E://SQL_EXAM//SEM...')
#3 E:/SQL_EXAM/SEM1_T2508M_Test/vendor/composer/ClassLoader.php(427): Composer/Autoload/{closure}('E://SQL_EXAM//SEM...')
#4 [internal function]: Composer/Autoload/ClassLoader->loadClass('App//Http//Contro...')
#5 E:/SQL_EXAM/SEM1_T2508M_Test/vendor/laravel/framework/src/Illuminate/Routing/Route.php(1125): is_a('App//Http//Contro...', 'Illuminate//Rout...', true)
#6 E:/SQL_EXAM/SEM1_T2508M_Test/vendor/laravel/framework/src/Illuminate/Routing/Route.php(1062): Illuminate/Routing/Route->controllerMiddleware()
#7 E:/SQL_EXAM/SEM1_T2508M_Test/vendor/laravel/framework/src/Illuminate/Routing/Router.php(834): Illuminate/Routing/Route->gatherMiddleware()
#8 E:/SQL_EXAM/SEM1_T2508M_Test/vendor/laravel/framework/src/Illuminate/Routing/Router.php(816): Illuminate/Routing/Router->gatherRouteMiddleware(Object(Illuminate/Routing/Route))
#9 E:/SQL_EXAM/SEM1_T2508M_Test/vendor/laravel/framework/src/Illuminate/Routing/Router.php(800): Illuminate/Routing/Router->runRouteWithinStack(Object(Illuminate/Routing/Route), Object(Illuminate/Http/Request))
#10 E:/SQL_EXAM/SEM1_T2508M_Test/vendor/laravel/framework/src/Illuminate/Routing/Router.php(764): Illuminate/Routing/Router->runRoute(Object(Illuminate/Http/Request), Object(Illuminate/Routing/Route))
#11 E:/SQL_EXAM/SEM1_T2508M_Test/vendor/laravel/framework/src/Illuminate/Routing/Router.php(753): Illuminate/Routing/Router->dispatchToRoute(Object(Illuminate/Http/Request))
#12 E:/SQL_EXAM/SEM1_T2508M_Test/vendor/laravel/framework/src/Illuminate/Foundation/Http/Kernel.php(200): Illuminate/Routing/Router->dispatch(Object(Illuminate/Http/Request))
#13 E:/SQL_EXAM/SEM1_T2508M_Test/vendor/laravel/framework/src/Illuminate/Pipeline/Pipeline.php(180): Illuminate/Foundation/Http/Kernel->Illuminate/Foundation/Http/{closure}(Object(Illuminate/Http/Request))
#14 E:/SQL_EXAM/SEM1_T2508M_Test/vendor/laravel/framework/src/Illuminate/Foundation/Http/Middleware/TransformsRequest.php(21): Illuminate/Pipeline/Pipeline->Illuminate/Pipeline/{closure}(Object(Illuminate/Http/Request))
#15 E:/SQL_EXAM/SEM1_T2508M_Test/vendor/laravel/framework/src/Illuminate/Foundation/Http/Middleware/ConvertEmptyStringsToNull.php(31): Illuminate/Foundation/Http/Middleware/TransformsRequest->handle(Object(Illuminate/Http/Request), Object(Closure))
#16 E:/SQL_EXAM/SEM1_T2508M_Test/vendor/laravel/framework/src/Illuminate/Pipeline/Pipeline.php(219): Illuminate/Foundation/Http/Middleware/ConvertEmptyStringsToNull->handle(Object(Illuminate/Http/Request), Object(Closure))
#17 E:/SQL_EXAM/SEM1_T2508M_Test/vendor/laravel/framework/src/Illuminate/Foundation/Http/Middleware/TransformsRequest.php(21): Illuminate/Pipeline/Pipeline->Illuminate/Pipeline/{closure}(Object(Illuminate/Http/Request))
#18 E:/SQL_EXAM/SEM1_T2508M_Test/vendor/laravel/framework/src/Illuminate/Foundation/Http/Middleware/TrimStrings.php(51): Illuminate/Foundation/Http/Middleware/TransformsRequest->handle(Object(Illuminate/Http/Request), Object(Closure))
#19 E:/SQL_EXAM/SEM1_T2508M_Test/vendor/laravel/framework/src/Illuminate/Pipeline/Pipeline.php(219): Illuminate/Foundation/Http/Middleware/TrimStrings->handle(Object(Illuminate/Http/Request), Object(Closure))
#20 E:/SQL_EXAM/SEM1_T2508M_Test/vendor/laravel/framework/src/Illuminate/Http/Middleware/ValidatePostSize.php(27): Illuminate/Pipeline/Pipeline->Illuminate/Pipeline/{closure}(Object(Illuminate/Http/Request))
#21 E:/SQL_EXAM/SEM1_T2508M_Test/vendor/laravel/framework/src/Illuminate/Pipeline/Pipeline.php(219): Illuminate/Http/Middleware/ValidatePostSize->handle(Object(Illuminate/Http/Request), Object(Closure))
#22 E:/SQL_EXAM/SEM1_T2508M_Test/vendor/laravel/framework/src/Illuminate/Foundation/Http/Middleware/PreventRequestsDuringMaintenance.php(109): Illuminate/Pipeline/Pipeline->Illuminate/Pipeline/{closure}(Object(Illuminate/Http/Request))
#23 E:/SQL_EXAM/SEM1_T2508M_Test/vendor/laravel/framework/src/Illuminate/Pipeline/Pipeline.php(219): Illuminate/Foundation/Http/Middleware/PreventRequestsDuringMaintenance->handle(Object(Illuminate/Http/Request), Object(Closure))
#24 E:/SQL_EXAM/SEM1_T2508M_Test/vendor/laravel/framework/src/Illuminate/Http/Middleware/HandleCors.php(48): Illuminate/Pipeline/Pipeline->Illuminate/Pipeline/{closure}(Object(Illuminate/Http/Request))
#25 E:/SQL_EXAM/SEM1_T2508M_Test/vendor/laravel/framework/src/Illuminate/Pipeline/Pipeline.php(219): Illuminate/Http/Middleware/HandleCors->handle(Object(Illuminate/Http/Request), Object(Closure))
#26 E:/SQL_EXAM/SEM1_T2508M_Test/vendor/laravel/framework/src/Illuminate/Http/Middleware/TrustProxies.php(58): Illuminate/Pipeline/Pipeline->Illuminate/Pipeline/{closure}(Object(Illuminate/Http/Request))
#27 E:/SQL_EXAM/SEM1_T2508M_Test/vendor/laravel/framework/src/Illuminate/Pipeline/Pipeline.php(219): Illuminate/Http/Middleware/TrustProxies->handle(Object(Illuminate/Http/Request), Object(Closure))
#28 E:/SQL_EXAM/SEM1_T2508M_Test/vendor/laravel/framework/src/Illuminate/Foundation/Http/Middleware/InvokeDeferredCallbacks.php(22): Illuminate/Pipeline/Pipeline->Illuminate/Pipeline/{closure}(Object(Illuminate/Http/Request))
#29 E:/SQL_EXAM/SEM1_T2508M_Test/vendor/laravel/framework/src/Illuminate/Pipeline/Pipeline.php(219): Illuminate/Foundation/Http/Middleware/InvokeDeferredCallbacks->handle(Object(Illuminate/Http/Request), Object(Closure))
#30 E:/SQL_EXAM/SEM1_T2508M_Test/vendor/laravel/framework/src/Illuminate/Http/Middleware/ValidatePathEncoding.php(26): Illuminate/Pipeline/Pipeline->Illuminate/Pipeline/{closure}(Object(Illuminate/Http/Request))
#31 E:/SQL_EXAM/SEM1_T2508M_Test/vendor/laravel/framework/src/Illuminate/Pipeline/Pipeline.php(219): Illuminate/Http/Middleware/ValidatePathEncoding->handle(Object(Illuminate/Http/Request), Object(Closure))
#32 E:/SQL_EXAM/SEM1_T2508M_Test/vendor/laravel/framework/src/Illuminate/Pipeline/Pipeline.php(137): Illuminate/Pipeline/Pipeline->Illuminate/Pipeline/{closure}(Object(Illuminate/Http/Request))
#33 E:/SQL_EXAM/SEM1_T2508M_Test/vendor/laravel/framework/src/Illuminate/Foundation/Http/Kernel.php(175): Illuminate/Pipeline/Pipeline->then(Object(Closure))
#34 E:/SQL_EXAM/SEM1_T2508M_Test/vendor/laravel/framework/src/Illuminate/Foundation/Http/Kernel.php(144): Illuminate/Foundation/Http/Kernel->sendRequestThroughRouter(Object(Illuminate/Http/Request))
#35 E:/SQL_EXAM/SEM1_T2508M_Test/vendor/laravel/framework/src/Illuminate/Foundation/Application.php(1220): Illuminate/Foundation/Http/Kernel->handle(Object(Illuminate/Http/Request))
#36 E:/SQL_EXAM/SEM1_T2508M_Test/public/index.php(20): Illuminate/Foundation/Application->handleRequest(Object(Illuminate/Http/Request))
#37 E:/SQL_EXAM/SEM1_T2508M_Test/vendor/laravel/framework/src/Illuminate/Foundation/resources/server.php(23): require_once('E://SQL_EXAM//SEM...')
#38 {main}
"} 
[2026-01-09 03:55:26] local.ERROR: include(E:\SQL_EXAM\SEM1_T2508M_Test\vendor\composer/../../app/Http/Controllers/ItemSaleController.php): Failed to open stream: No such file or directory {"exception":"[object] (ErrorException(code: 0): include(E:\\SQL_EXAM\\SEM1_T2508M_Test\\vendor\\composer/../../app/Http/Controllers/ItemSaleController.php): Failed to open stream: No such file or directory at E:/SQL_EXAM/SEM1_T2508M_Test/vendor/composer/ClassLoader.php:576)
[stacktrace]
#0 E:/SQL_EXAM/SEM1_T2508M_Test/vendor/laravel/framework/src/Illuminate/Foundation/Bootstrap/HandleExceptions.php(258): Illuminate/Foundation/Bootstrap/HandleExceptions->handleError(2, 'include(E://SQL_...', 'E://SQL_EXAM//SEM...', 576)
#1 E:/SQL_EXAM/SEM1_T2508M_Test/vendor/composer/ClassLoader.php(576): Illuminate/Foundation/Bootstrap/HandleExceptions->Illuminate/Foundation/Bootstrap/{closure}(2, 'include(E://SQL_...', 'E://SQL_EXAM//SEM...', 576)
#2 E:/SQL_EXAM/SEM1_T2508M_Test/vendor/composer/ClassLoader.php(576): include('E://SQL_EXAM//SEM...')
#3 E:/SQL_EXAM/SEM1_T2508M_Test/vendor/composer/ClassLoader.php(427): Composer/Autoload/{closure}('E://SQL_EXAM//SEM...')
#4 [internal function]: Composer/Autoload/ClassLoader->loadClass('App//Http//Contro...')
#5 E:/SQL_EXAM/SEM1_T2508M_Test/vendor/laravel/framework/src/Illuminate/Routing/Route.php(1125): is_a('App//Http//Contro...', 'Illuminate//Rout...', true)
#6 E:/SQL_EXAM/SEM1_T2508M_Test/vendor/laravel/framework/src/Illuminate/Routing/Route.php(1062): Illuminate/Routing/Route->controllerMiddleware()
#7 E:/SQL_EXAM/SEM1_T2508M_Test/vendor/laravel/framework/src/Illuminate/Routing/Router.php(834): Illuminate/Routing/Route->gatherMiddleware()
#8 E:/SQL_EXAM/SEM1_T2508M_Test/vendor/laravel/framework/src/Illuminate/Routing/Router.php(816): Illuminate/Routing/Router->gatherRouteMiddleware(Object(Illuminate/Routing/Route))
#9 E:/SQL_EXAM/SEM1_T2508M_Test/vendor/laravel/framework/src/Illuminate/Routing/Router.php(800): Illuminate/Routing/Router->runRouteWithinStack(Object(Illuminate/Routing/Route), Object(Illuminate/Http/Request))
#10 E:/SQL_EXAM/SEM1_T2508M_Test/vendor/laravel/framework/src/Illuminate/Routing/Router.php(764): Illuminate/Routing/Router->runRoute(Object(Illuminate/Http/Request), Object(Illuminate/Routing/Route))
#11 E:/SQL_EXAM/SEM1_T2508M_Test/vendor/laravel/framework/src/Illuminate/Routing/Router.php(753): Illuminate/Routing/Router->dispatchToRoute(Object(Illuminate/Http/Request))
#12 E:/SQL_EXAM/SEM1_T2508M_Test/vendor/laravel/framework/src/Illuminate/Foundation/Http/Kernel.php(200): Illuminate/Routing/Router->dispatch(Object(Illuminate/Http/Request))
#13 E:/SQL_EXAM/SEM1_T2508M_Test/vendor/laravel/framework/src/Illuminate/Pipeline/Pipeline.php(180): Illuminate/Foundation/Http/Kernel->Illuminate/Foundation/Http/{closure}(Object(Illuminate/Http/Request))
#14 E:/SQL_EXAM/SEM1_T2508M_Test/vendor/laravel/framework/src/Illuminate/Foundation/Http/Middleware/TransformsRequest.php(21): Illuminate/Pipeline/Pipeline->Illuminate/Pipeline/{closure}(Object(Illuminate/Http/Request))
#15 E:/SQL_EXAM/SEM1_T2508M_Test/vendor/laravel/framework/src/Illuminate/Foundation/Http/Middleware/ConvertEmptyStringsToNull.php(31): Illuminate/Foundation/Http/Middleware/TransformsRequest->handle(Object(Illuminate/Http/Request), Object(Closure))
#16 E:/SQL_EXAM/SEM1_T2508M_Test/vendor/laravel/framework/src/Illuminate/Pipeline/Pipeline.php(219): Illuminate/Foundation/Http/Middleware/ConvertEmptyStringsToNull->handle(Object(Illuminate/Http/Request), Object(Closure))
#17 E:/SQL_EXAM/SEM1_T2508M_Test/vendor/laravel/framework/src/Illuminate/Foundation/Http/Middleware/TransformsRequest.php(21): Illuminate/Pipeline/Pipeline->Illuminate/Pipeline/{closure}(Object(Illuminate/Http/Request))
#18 E:/SQL_EXAM/SEM1_T2508M_Test/vendor/laravel/framework/src/Illuminate/Foundation/Http/Middleware/TrimStrings.php(51): Illuminate/Foundation/Http/Middleware/TransformsRequest->handle(Object(Illuminate/Http/Request), Object(Closure))
#19 E:/SQL_EXAM/SEM1_T2508M_Test/vendor/laravel/framework/src/Illuminate/Pipeline/Pipeline.php(219): Illuminate/Foundation/Http/Middleware/TrimStrings->handle(Object(Illuminate/Http/Request), Object(Closure))
#20 E:/SQL_EXAM/SEM1_T2508M_Test/vendor/laravel/framework/src/Illuminate/Http/Middleware/ValidatePostSize.php(27): Illuminate/Pipeline/Pipeline->Illuminate/Pipeline/{closure}(Object(Illuminate/Http/Request))
#21 E:/SQL_EXAM/SEM1_T2508M_Test/vendor/laravel/framework/src/Illuminate/Pipeline/Pipeline.php(219): Illuminate/Http/Middleware/ValidatePostSize->handle(Object(Illuminate/Http/Request), Object(Closure))
#22 E:/SQL_EXAM/SEM1_T2508M_Test/vendor/laravel/framework/src/Illuminate/Foundation/Http/Middleware/PreventRequestsDuringMaintenance.php(109): Illuminate/Pipeline/Pipeline->Illuminate/Pipeline/{closure}(Object(Illuminate/Http/Request))
#23 E:/SQL_EXAM/SEM1_T2508M_Test/vendor/laravel/framework/src/Illuminate/Pipeline/Pipeline.php(219): Illuminate/Foundation/Http/Middleware/PreventRequestsDuringMaintenance->handle(Object(Illuminate/Http/Request), Object(Closure))
#24 E:/SQL_EXAM/SEM1_T2508M_Test/vendor/laravel/framework/src/Illuminate/Http/Middleware/HandleCors.php(48): Illuminate/Pipeline/Pipeline->Illuminate/Pipeline/{closure}(Object(Illuminate/Http/Request))
#25 E:/SQL_EXAM/SEM1_T2508M_Test/vendor/laravel/framework/src/Illuminate/Pipeline/Pipeline.php(219): Illuminate/Http/Middleware/HandleCors->handle(Object(Illuminate/Http/Request), Object(Closure))
#26 E:/SQL_EXAM/SEM1_T2508M_Test/vendor/laravel/framework/src/Illuminate/Http/Middleware/TrustProxies.php(58): Illuminate/Pipeline/Pipeline->Illuminate/Pipeline/{closure}(Object(Illuminate/Http/Request))
#27 E:/SQL_EXAM/SEM1_T2508M_Test/vendor/laravel/framework/src/Illuminate/Pipeline/Pipeline.php(219): Illuminate/Http/Middleware/TrustProxies->handle(Object(Illuminate/Http/Request), Object(Closure))
#28 E:/SQL_EXAM/SEM1_T2508M_Test/vendor/laravel/framework/src/Illuminate/Foundation/Http/Middleware/InvokeDeferredCallbacks.php(22): Illuminate/Pipeline/Pipeline->Illuminate/Pipeline/{closure}(Object(Illuminate/Http/Request))
#29 E:/SQL_EXAM/SEM1_T2508M_Test/vendor/laravel/framework/src/Illuminate/Pipeline/Pipeline.php(219): Illuminate/Foundation/Http/Middleware/InvokeDeferredCallbacks->handle(Object(Illuminate/Http/Request), Object(Closure))
#30 E:/SQL_EXAM/SEM1_T2508M_Test/vendor/laravel/framework/src/Illuminate/Http/Middleware/ValidatePathEncoding.php(26): Illuminate/Pipeline/Pipeline->Illuminate/Pipeline/{closure}(Object(Illuminate/Http/Request))
#31 E:/SQL_EXAM/SEM1_T2508M_Test/vendor/laravel/framework/src/Illuminate/Pipeline/Pipeline.php(219): Illuminate/Http/Middleware/ValidatePathEncoding->handle(Object(Illuminate/Http/Request), Object(Closure))
#32 E:/SQL_EXAM/SEM1_T2508M_Test/vendor/laravel/framework/src/Illuminate/Pipeline/Pipeline.php(137): Illuminate/Pipeline/Pipeline->Illuminate/Pipeline/{closure}(Object(Illuminate/Http/Request))
#33 E:/SQL_EXAM/SEM1_T2508M_Test/vendor/laravel/framework/src/Illuminate/Foundation/Http/Kernel.php(175): Illuminate/Pipeline/Pipeline->then(Object(Closure))
#34 E:/SQL_EXAM/SEM1_T2508M_Test/vendor/laravel/framework/src/Illuminate/Foundation/Http/Kernel.php(144): Illuminate/Foundation/Http/Kernel->sendRequestThroughRouter(Object(Illuminate/Http/Request))
#35 E:/SQL_EXAM/SEM1_T2508M_Test/vendor/laravel/framework/src/Illuminate/Foundation/Application.php(1220): Illuminate/Foundation/Http/Kernel->handle(Object(Illuminate/Http/Request))
#36 E:/SQL_EXAM/SEM1_T2508M_Test/public/index.php(20): Illuminate/Foundation/Application->handleRequest(Object(Illuminate/Http/Request))
#37 E:/SQL_EXAM/SEM1_T2508M_Test/vendor/laravel/framework/src/Illuminate/Foundation/resources/server.php(23): require_once('E://SQL_EXAM//SEM...')
#38 {main}
"} 
[2026-01-09 04:01:06] local.ERROR: SQLSTATE[HY000] [2002] An attempt was made to access a socket in a way forbidden by its access permissions (Connection: mysql, Host: 127.0.0.1, Port: 3306, Database: v_store, SQL: select * from `sessions` where `id` = ZhI9gGbjW3lIXVKE68qXSZwDCSBkLVDP5GscoxNW limit 1) {"exception":"[object] (Illuminate\\Database\\QueryException(code: 2002): SQLSTATE[HY000] [2002] An attempt was made to access a socket in a way forbidden by its access permissions (Connection: mysql, Host: 127.0.0.1, Port: 3306, Database: v_store, SQL: select * from `sessions` where `id` = ZhI9gGbjW3lIXVKE68qXSZwDCSBkLVDP5GscoxNW limit 1) at E:/SQL_EXAM/SEM1_T2508M_Test/vendor/laravel/framework/src/Illuminate/Database/Connection.php:831)
[stacktrace]
#0 E:/SQL_EXAM/SEM1_T2508M_Test/vendor/laravel/framework/src/Illuminate/Database/Connection.php(787): Illuminate/Database/Connection->runQueryCallback('select * from `...', Array, Object(Closure))
#1 E:/SQL_EXAM/SEM1_T2508M_Test/vendor/laravel/framework/src/Illuminate/Database/Connection.php(404): Illuminate/Database/Connection->run('select * from `...', Array, Object(Closure))
#2 E:/SQL_EXAM/SEM1_T2508M_Test/vendor/laravel/framework/src/Illuminate/Database/Query/Builder.php(3232): Illuminate/Database/Connection->select('select * from `...', Array, false)
#3 E:/SQL_EXAM/SEM1_T2508M_Test/vendor/laravel/framework/src/Illuminate/Database/Query/Builder.php(3217): Illuminate/Database/Query/Builder->runSelect()
#4 E:/SQL_EXAM/SEM1_T2508M_Test/vendor/laravel/framework/src/Illuminate/Database/Query/Builder.php(3807): Illuminate/Database/Query/Builder->Illuminate/Database/Query/{closure}()
#5 E:/SQL_EXAM/SEM1_T2508M_Test/vendor/laravel/framework/src/Illuminate/Database/Query/Builder.php(3216): Illuminate/Database/Query/Builder->onceWithColumns(Array, Object(Closure))
#6 E:/SQL_EXAM/SEM1_T2508M_Test/vendor/laravel/framework/src/Illuminate/Database/Concerns/BuildsQueries.php(366): Illuminate/Database/Query/Builder->get(Array)
#7 E:/SQL_EXAM/SEM1_T2508M_Test/vendor/laravel/framework/src/Illuminate/Database/Query/Builder.php(3139): Illuminate/Database/Query/Builder->first(Array)
#8 E:/SQL_EXAM/SEM1_T2508M_Test/vendor/laravel/framework/src/Illuminate/Session/DatabaseSessionHandler.php(96): Illuminate/Database/Query/Builder->find('ZhI9gGbjW3lIXVK...')
#9 E:/SQL_EXAM/SEM1_T2508M_Test/vendor/laravel/framework/src/Illuminate/Session/Store.php(126): Illuminate/Session/DatabaseSessionHandler->read('ZhI9gGbjW3lIXVK...')
#10 E:/SQL_EXAM/SEM1_T2508M_Test/vendor/laravel/framework/src/Illuminate/Session/Store.php(114): Illuminate/Session/Store->readFromHandler()
#11 E:/SQL_EXAM/SEM1_T2508M_Test/vendor/laravel/framework/src/Illuminate/Session/Store.php(98): Illuminate/Session/Store->loadSession()
#12 E:/SQL_EXAM/SEM1_T2508M_Test/vendor/laravel/framework/src/Illuminate/Session/Middleware/StartSession.php(146): Illuminate/Session/Store->start()
#13 E:/SQL_EXAM/SEM1_T2508M_Test/vendor/laravel/framework/src/Illuminate/Support/helpers.php(390): Illuminate/Session/Middleware/StartSession->Illuminate/Session/Middleware/{closure}(Object(Illuminate/Session/Store))
#14 E:/SQL_EXAM/SEM1_T2508M_Test/vendor/laravel/framework/src/Illuminate/Session/Middleware/StartSession.php(143): tap(Object(Illuminate/Session/Store), Object(Closure))
#15 E:/SQL_EXAM/SEM1_T2508M_Test/vendor/laravel/framework/src/Illuminate/Session/Middleware/StartSession.php(115): Illuminate/Session/Middleware/StartSession->startSession(Object(Illuminate/Http/Request), Object(Illuminate/Session/Store))
#16 E:/SQL_EXAM/SEM1_T2508M_Test/vendor/laravel/framework/src/Illuminate/Session/Middleware/StartSession.php(63): Illuminate/Session/Middleware/StartSession->handleStatefulRequest(Object(Illuminate/Http/Request), Object(Illuminate/Session/Store), Object(Closure))
#17 E:/SQL_EXAM/SEM1_T2508M_Test/vendor/laravel/framework/src/Illuminate/Pipeline/Pipeline.php(219): Illuminate/Session/Middleware/StartSession->handle(Object(Illuminate/Http/Request), Object(Closure))
#18 E:/SQL_EXAM/SEM1_T2508M_Test/vendor/laravel/framework/src/Illuminate/Cookie/Middleware/AddQueuedCookiesToResponse.php(36): Illuminate/Pipeline/Pipeline->Illuminate/Pipeline/{closure}(Object(Illuminate/Http/Request))
#19 E:/SQL_EXAM/SEM1_T2508M_Test/vendor/laravel/framework/src/Illuminate/Pipeline/Pipeline.php(219): Illuminate/Cookie/Middleware/AddQueuedCookiesToResponse->handle(Object(Illuminate/Http/Request), Object(Closure))
#20 E:/SQL_EXAM/SEM1_T2508M_Test/vendor/laravel/framework/src/Illuminate/Cookie/Middleware/EncryptCookies.php(74): Illuminate/Pipeline/Pipeline->Illuminate/Pipeline/{closure}(Object(Illuminate/Http/Request))
#21 E:/SQL_EXAM/SEM1_T2508M_Test/vendor/laravel/framework/src/Illuminate/Pipeline/Pipeline.php(219): Illuminate/Cookie/Middleware/EncryptCookies->handle(Object(Illuminate/Http/Request), Object(Closure))
#22 E:/SQL_EXAM/SEM1_T2508M_Test/vendor/laravel/framework/src/Illuminate/Pipeline/Pipeline.php(137): Illuminate/Pipeline/Pipeline->Illuminate/Pipeline/{closure}(Object(Illuminate/Http/Request))
#23 E:/SQL_EXAM/SEM1_T2508M_Test/vendor/laravel/framework/src/Illuminate/Routing/Router.php(821): Illuminate/Pipeline/Pipeline->then(Object(Closure))
#24 E:/SQL_EXAM/SEM1_T2508M_Test/vendor/laravel/framework/src/Illuminate/Routing/Router.php(800): Illuminate/Routing/Router->runRouteWithinStack(Object(Illuminate/Routing/Route), Object(Illuminate/Http/Request))
#25 E:/SQL_EXAM/SEM1_T2508M_Test/vendor/laravel/framework/src/Illuminate/Routing/Router.php(764): Illuminate/Routing/Router->runRoute(Object(Illuminate/Http/Request), Object(Illuminate/Routing/Route))
#26 E:/SQL_EXAM/SEM1_T2508M_Test/vendor/laravel/framework/src/Illuminate/Routing/Router.php(753): Illuminate/Routing/Router->dispatchToRoute(Object(Illuminate/Http/Request))
#27 E:/SQL_EXAM/SEM1_T2508M_Test/vendor/laravel/framework/src/Illuminate/Foundation/Http/Kernel.php(200): Illuminate/Routing/Router->dispatch(Object(Illuminate/Http/Request))
#28 E:/SQL_EXAM/SEM1_T2508M_Test/vendor/laravel/framework/src/Illuminate/Pipeline/Pipeline.php(180): Illuminate/Foundation/Http/Kernel->Illuminate/Foundation/Http/{closure}(Object(Illuminate/Http/Request))
#29 E:/SQL_EXAM/SEM1_T2508M_Test/vendor/laravel/framework/src/Illuminate/Foundation/Http/Middleware/TransformsRequest.php(21): Illuminate/Pipeline/Pipeline->Illuminate/Pipeline/{closure}(Object(Illuminate/Http/Request))
#30 E:/SQL_EXAM/SEM1_T2508M_Test/vendor/laravel/framework/src/Illuminate/Foundation/Http/Middleware/ConvertEmptyStringsToNull.php(31): Illuminate/Foundation/Http/Middleware/TransformsRequest->handle(Object(Illuminate/Http/Request), Object(Closure))
#31 E:/SQL_EXAM/SEM1_T2508M_Test/vendor/laravel/framework/src/Illuminate/Pipeline/Pipeline.php(219): Illuminate/Foundation/Http/Middleware/ConvertEmptyStringsToNull->handle(Object(Illuminate/Http/Request), Object(Closure))
#32 E:/SQL_EXAM/SEM1_T2508M_Test/vendor/laravel/framework/src/Illuminate/Foundation/Http/Middleware/TransformsRequest.php(21): Illuminate/Pipeline/Pipeline->Illuminate/Pipeline/{closure}(Object(Illuminate/Http/Request))
#33 E:/SQL_EXAM/SEM1_T2508M_Test/vendor/laravel/framework/src/Illuminate/Foundation/Http/Middleware/TrimStrings.php(51): Illuminate/Foundation/Http/Middleware/TransformsRequest->handle(Object(Illuminate/Http/Request), Object(Closure))
#34 E:/SQL_EXAM/SEM1_T2508M_Test/vendor/laravel/framework/src/Illuminate/Pipeline/Pipeline.php(219): Illuminate/Foundation/Http/Middleware/TrimStrings->handle(Object(Illuminate/Http/Request), Object(Closure))
#35 E:/SQL_EXAM/SEM1_T2508M_Test/vendor/laravel/framework/src/Illuminate/Http/Middleware/ValidatePostSize.php(27): Illuminate/Pipeline/Pipeline->Illuminate/Pipeline/{closure}(Object(Illuminate/Http/Request))
#36 E:/SQL_EXAM/SEM1_T2508M_Test/vendor/laravel/framework/src/Illuminate/Pipeline/Pipeline.php(219): Illuminate/Http/Middleware/ValidatePostSize->handle(Object(Illuminate/Http/Request), Object(Closure))
#37 E:/SQL_EXAM/SEM1_T2508M_Test/vendor/laravel/framework/src/Illuminate/Foundation/Http/Middleware/PreventRequestsDuringMaintenance.php(109): Illuminate/Pipeline/Pipeline->Illuminate/Pipeline/{closure}(Object(Illuminate/Http/Request))
#38 E:/SQL_EXAM/SEM1_T2508M_Test/vendor/laravel/framework/src/Illuminate/Pipeline/Pipeline.php(219): Illuminate/Foundation/Http/Middleware/PreventRequestsDuringMaintenance->handle(Object(Illuminate/Http/Request), Object(Closure))
#39 E:/SQL_EXAM/SEM1_T2508M_Test/vendor/laravel/framework/src/Illuminate/Http/Middleware/HandleCors.php(48): Illuminate/Pipeline/Pipeline->Illuminate/Pipeline/{closure}(Object(Illuminate/Http/Request))
#40 E:/SQL_EXAM/SEM1_T2508M_Test/vendor/laravel/framework/src/Illuminate/Pipeline/Pipeline.php(219): Illuminate/Http/Middleware/HandleCors->handle(Object(Illuminate/Http/Request), Object(Closure))
#41 E:/SQL_EXAM/SEM1_T2508M_Test/vendor/laravel/framework/src/Illuminate/Http/Middleware/TrustProxies.php(58): Illuminate/Pipeline/Pipeline->Illuminate/Pipeline/{closure}(Object(Illuminate/Http/Request))
#42 E:/SQL_EXAM/SEM1_T2508M_Test/vendor/laravel/framework/src/Illuminate/Pipeline/Pipeline.php(219): Illuminate/Http/Middleware/TrustProxies->handle(Object(Illuminate/Http/Request), Object(Closure))
#43 E:/SQL_EXAM/SEM1_T2508M_Test/vendor/laravel/framework/src/Illuminate/Foundation/Http/Middleware/InvokeDeferredCallbacks.php(22): Illuminate/Pipeline/Pipeline->Illuminate/Pipeline/{closure}(Object(Illuminate/Http/Request))
#44 E:/SQL_EXAM/SEM1_T2508M_Test/vendor/laravel/framework/src/Illuminate/Pipeline/Pipeline.php(219): Illuminate/Foundation/Http/Middleware/InvokeDeferredCallbacks->handle(Object(Illuminate/Http/Request), Object(Closure))
#45 E:/SQL_EXAM/SEM1_T2508M_Test/vendor/laravel/framework/src/Illuminate/Http/Middleware/ValidatePathEncoding.php(26): Illuminate/Pipeline/Pipeline->Illuminate/Pipeline/{closure}(Object(Illuminate/Http/Request))
#46 E:/SQL_EXAM/SEM1_T2508M_Test/vendor/laravel/framework/src/Illuminate/Pipeline/Pipeline.php(219): Illuminate/Http/Middleware/ValidatePathEncoding->handle(Object(Illuminate/Http/Request), Object(Closure))
#47 E:/SQL_EXAM/SEM1_T2508M_Test/vendor/laravel/framework/src/Illuminate/Pipeline/Pipeline.php(137): Illuminate/Pipeline/Pipeline->Illuminate/Pipeline/{closure}(Object(Illuminate/Http/Request))
#48 E:/SQL_EXAM/SEM1_T2508M_Test/vendor/laravel/framework/src/Illuminate/Foundation/Http/Kernel.php(175): Illuminate/Pipeline/Pipeline->then(Object(Closure))
#49 E:/SQL_EXAM/SEM1_T2508M_Test/vendor/laravel/framework/src/Illuminate/Foundation/Http/Kernel.php(144): Illuminate/Foundation/Http/Kernel->sendRequestThroughRouter(Object(Illuminate/Http/Request))
#50 E:/SQL_EXAM/SEM1_T2508M_Test/vendor/laravel/framework/src/Illuminate/Foundation/Application.php(1220): Illuminate/Foundation/Http/Kernel->handle(Object(Illuminate/Http/Request))
#51 E:/SQL_EXAM/SEM1_T2508M_Test/public/index.php(20): Illuminate/Foundation/Application->handleRequest(Object(Illuminate/Http/Request))
#52 E:/SQL_EXAM/SEM1_T2508M_Test/vendor/laravel/framework/src/Illuminate/Foundation/resources/server.php(23): require_once('E://SQL_EXAM//SEM...')
#53 {main}

[previous exception] [object] (PDOException(code: 2002): SQLSTATE[HY000] [2002] An attempt was made to access a socket in a way forbidden by its access permissions at E:/SQL_EXAM/SEM1_T2508M_Test/vendor/laravel/framework/src/Illuminate/Database/Connectors/Connector.php:66)
[stacktrace]
#0 E:/SQL_EXAM/SEM1_T2508M_Test/vendor/laravel/framework/src/Illuminate/Database/Connectors/Connector.php(66): PDO->__construct('mysql:host=127....', 'root', Object(SensitiveParameterValue), Array)
#1 E:/SQL_EXAM/SEM1_T2508M_Test/vendor/laravel/framework/src/Illuminate/Database/Connectors/Connector.php(44): Illuminate/Database/Connectors/Connector->createPdoConnection('mysql:host=127....', 'root', Object(SensitiveParameterValue), Array)
#2 E:/SQL_EXAM/SEM1_T2508M_Test/vendor/laravel/framework/src/Illuminate/Database/Connectors/MySqlConnector.php(24): Illuminate/Database/Connectors/Connector->createConnection('mysql:host=127....', Array, Array)
#3 E:/SQL_EXAM/SEM1_T2508M_Test/vendor/laravel/framework/src/Illuminate/Database/Connectors/ConnectionFactory.php(184): Illuminate/Database/Connectors/MySqlConnector->connect(Array)
#4 [internal function]: Illuminate/Database/Connectors/ConnectionFactory->Illuminate/Database/Connectors/{closure}()
#5 E:/SQL_EXAM/SEM1_T2508M_Test/vendor/laravel/framework/src/Illuminate/Database/Connection.php(1250): call_user_func(Object(Closure))
#6 E:/SQL_EXAM/SEM1_T2508M_Test/vendor/laravel/framework/src/Illuminate/Database/Connection.php(518): Illuminate/Database/Connection->getPdo()
#7 E:/SQL_EXAM/SEM1_T2508M_Test/vendor/laravel/framework/src/Illuminate/Database/Connection.php(413): Illuminate/Database/Connection->getPdoForSelect(false)
#8 E:/SQL_EXAM/SEM1_T2508M_Test/vendor/laravel/framework/src/Illuminate/Database/Connection.php(820): Illuminate/Database/Connection->Illuminate/Database/{closure}('select * from `...', Array)
#9 E:/SQL_EXAM/SEM1_T2508M_Test/vendor/laravel/framework/src/Illuminate/Database/Connection.php(787): Illuminate/Database/Connection->runQueryCallback('select * from `...', Array, Object(Closure))
#10 E:/SQL_EXAM/SEM1_T2508M_Test/vendor/laravel/framework/src/Illuminate/Database/Connection.php(404): Illuminate/Database/Connection->run('select * from `...', Array, Object(Closure))
#11 E:/SQL_EXAM/SEM1_T2508M_Test/vendor/laravel/framework/src/Illuminate/Database/Query/Builder.php(3232): Illuminate/Database/Connection->select('select * from `...', Array, false)
#12 E:/SQL_EXAM/SEM1_T2508M_Test/vendor/laravel/framework/src/Illuminate/Database/Query/Builder.php(3217): Illuminate/Database/Query/Builder->runSelect()
#13 E:/SQL_EXAM/SEM1_T2508M_Test/vendor/laravel/framework/src/Illuminate/Database/Query/Builder.php(3807): Illuminate/Database/Query/Builder->Illuminate/Database/Query/{closure}()
#14 E:/SQL_EXAM/SEM1_T2508M_Test/vendor/laravel/framework/src/Illuminate/Database/Query/Builder.php(3216): Illuminate/Database/Query/Builder->onceWithColumns(Array, Object(Closure))
#15 E:/SQL_EXAM/SEM1_T2508M_Test/vendor/laravel/framework/src/Illuminate/Database/Concerns/BuildsQueries.php(366): Illuminate/Database/Query/Builder->get(Array)
#16 E:/SQL_EXAM/SEM1_T2508M_Test/vendor/laravel/framework/src/Illuminate/Database/Query/Builder.php(3139): Illuminate/Database/Query/Builder->first(Array)
#17 E:/SQL_EXAM/SEM1_T2508M_Test/vendor/laravel/framework/src/Illuminate/Session/DatabaseSessionHandler.php(96): Illuminate/Database/Query/Builder->find('ZhI9gGbjW3lIXVK...')
#18 E:/SQL_EXAM/SEM1_T2508M_Test/vendor/laravel/framework/src/Illuminate/Session/Store.php(126): Illuminate/Session/DatabaseSessionHandler->read('ZhI9gGbjW3lIXVK...')
#19 E:/SQL_EXAM/SEM1_T2508M_Test/vendor/laravel/framework/src/Illuminate/Session/Store.php(114): Illuminate/Session/Store->readFromHandler()
#20 E:/SQL_EXAM/SEM1_T2508M_Test/vendor/laravel/framework/src/Illuminate/Session/Store.php(98): Illuminate/Session/Store->loadSession()
#21 E:/SQL_EXAM/SEM1_T2508M_Test/vendor/laravel/framework/src/Illuminate/Session/Middleware/StartSession.php(146): Illuminate/Session/Store->start()
#22 E:/SQL_EXAM/SEM1_T2508M_Test/vendor/laravel/framework/src/Illuminate/Support/helpers.php(390): Illuminate/Session/Middleware/StartSession->Illuminate/Session/Middleware/{closure}(Object(Illuminate/Session/Store))
#23 E:/SQL_EXAM/SEM1_T2508M_Test/vendor/laravel/framework/src/Illuminate/Session/Middleware/StartSession.php(143): tap(Object(Illuminate/Session/Store), Object(Closure))
#24 E:/SQL_EXAM/SEM1_T2508M_Test/vendor/laravel/framework/src/Illuminate/Session/Middleware/StartSession.php(115): Illuminate/Session/Middleware/StartSession->startSession(Object(Illuminate/Http/Request), Object(Illuminate/Session/Store))
#25 E:/SQL_EXAM/SEM1_T2508M_Test/vendor/laravel/framework/src/Illuminate/Session/Middleware/StartSession.php(63): Illuminate/Session/Middleware/StartSession->handleStatefulRequest(Object(Illuminate/Http/Request), Object(Illuminate/Session/Store), Object(Closure))
#26 E:/SQL_EXAM/SEM1_T2508M_Test/vendor/laravel/framework/src/Illuminate/Pipeline/Pipeline.php(219): Illuminate/Session/Middleware/StartSession->handle(Object(Illuminate/Http/Request), Object(Closure))
#27 E:/SQL_EXAM/SEM1_T2508M_Test/vendor/laravel/framework/src/Illuminate/Cookie/Middleware/AddQueuedCookiesToResponse.php(36): Illuminate/Pipeline/Pipeline->Illuminate/Pipeline/{closure}(Object(Illuminate/Http/Request))
#28 E:/SQL_EXAM/SEM1_T2508M_Test/vendor/laravel/framework/src/Illuminate/Pipeline/Pipeline.php(219): Illuminate/Cookie/Middleware/AddQueuedCookiesToResponse->handle(Object(Illuminate/Http/Request), Object(Closure))
#29 E:/SQL_EXAM/SEM1_T2508M_Test/vendor/laravel/framework/src/Illuminate/Cookie/Middleware/EncryptCookies.php(74): Illuminate/Pipeline/Pipeline->Illuminate/Pipeline/{closure}(Object(Illuminate/Http/Request))
#30 E:/SQL_EXAM/SEM1_T2508M_Test/vendor/laravel/framework/src/Illuminate/Pipeline/Pipeline.php(219): Illuminate/Cookie/Middleware/EncryptCookies->handle(Object(Illuminate/Http/Request), Object(Closure))
#31 E:/SQL_EXAM/SEM1_T2508M_Test/vendor/laravel/framework/src/Illuminate/Pipeline/Pipeline.php(137): Illuminate/Pipeline/Pipeline->Illuminate/Pipeline/{closure}(Object(Illuminate/Http/Request))
#32 E:/SQL_EXAM/SEM1_T2508M_Test/vendor/laravel/framework/src/Illuminate/Routing/Router.php(821): Illuminate/Pipeline/Pipeline->then(Object(Closure))
#33 E:/SQL_EXAM/SEM1_T2508M_Test/vendor/laravel/framework/src/Illuminate/Routing/Router.php(800): Illuminate/Routing/Router->runRouteWithinStack(Object(Illuminate/Routing/Route), Object(Illuminate/Http/Request))
#34 E:/SQL_EXAM/SEM1_T2508M_Test/vendor/laravel/framework/src/Illuminate/Routing/Router.php(764): Illuminate/Routing/Router->runRoute(Object(Illuminate/Http/Request), Object(Illuminate/Routing/Route))
#35 E:/SQL_EXAM/SEM1_T2508M_Test/vendor/laravel/framework/src/Illuminate/Routing/Router.php(753): Illuminate/Routing/Router->dispatchToRoute(Object(Illuminate/Http/Request))
#36 E:/SQL_EXAM/SEM1_T2508M_Test/vendor/laravel/framework/src/Illuminate/Foundation/Http/Kernel.php(200): Illuminate/Routing/Router->dispatch(Object(Illuminate/Http/Request))
#37 E:/SQL_EXAM/SEM1_T2508M_Test/vendor/laravel/framework/src/Illuminate/Pipeline/Pipeline.php(180): Illuminate/Foundation/Http/Kernel->Illuminate/Foundation/Http/{closure}(Object(Illuminate/Http/Request))
#38 E:/SQL_EXAM/SEM1_T2508M_Test/vendor/laravel/framework/src/Illuminate/Foundation/Http/Middleware/TransformsRequest.php(21): Illuminate/Pipeline/Pipeline->Illuminate/Pipeline/{closure}(Object(Illuminate/Http/Request))
#39 E:/SQL_EXAM/SEM1_T2508M_Test/vendor/laravel/framework/src/Illuminate/Foundation/Http/Middleware/ConvertEmptyStringsToNull.php(31): Illuminate/Foundation/Http/Middleware/TransformsRequest->handle(Object(Illuminate/Http/Request), Object(Closure))
#40 E:/SQL_EXAM/SEM1_T2508M_Test/vendor/laravel/framework/src/Illuminate/Pipeline/Pipeline.php(219): Illuminate/Foundation/Http/Middleware/ConvertEmptyStringsToNull->handle(Object(Illuminate/Http/Request), Object(Closure))
#41 E:/SQL_EXAM/SEM1_T2508M_Test/vendor/laravel/framework/src/Illuminate/Foundation/Http/Middleware/TransformsRequest.php(21): Illuminate/Pipeline/Pipeline->Illuminate/Pipeline/{closure}(Object(Illuminate/Http/Request))
#42 E:/SQL_EXAM/SEM1_T2508M_Test/vendor/laravel/framework/src/Illuminate/Foundation/Http/Middleware/TrimStrings.php(51): Illuminate/Foundation/Http/Middleware/TransformsRequest->handle(Object(Illuminate/Http/Request), Object(Closure))
#43 E:/SQL_EXAM/SEM1_T2508M_Test/vendor/laravel/framework/src/Illuminate/Pipeline/Pipeline.php(219): Illuminate/Foundation/Http/Middleware/TrimStrings->handle(Object(Illuminate/Http/Request), Object(Closure))
#44 E:/SQL_EXAM/SEM1_T2508M_Test/vendor/laravel/framework/src/Illuminate/Http/Middleware/ValidatePostSize.php(27): Illuminate/Pipeline/Pipeline->Illuminate/Pipeline/{closure}(Object(Illuminate/Http/Request))
#45 E:/SQL_EXAM/SEM1_T2508M_Test/vendor/laravel/framework/src/Illuminate/Pipeline/Pipeline.php(219): Illuminate/Http/Middleware/ValidatePostSize->handle(Object(Illuminate/Http/Request), Object(Closure))
#46 E:/SQL_EXAM/SEM1_T2508M_Test/vendor/laravel/framework/src/Illuminate/Foundation/Http/Middleware/PreventRequestsDuringMaintenance.php(109): Illuminate/Pipeline/Pipeline->Illuminate/Pipeline/{closure}(Object(Illuminate/Http/Request))
#47 E:/SQL_EXAM/SEM1_T2508M_Test/vendor/laravel/framework/src/Illuminate/Pipeline/Pipeline.php(219): Illuminate/Foundation/Http/Middleware/PreventRequestsDuringMaintenance->handle(Object(Illuminate/Http/Request), Object(Closure))
#48 E:/SQL_EXAM/SEM1_T2508M_Test/vendor/laravel/framework/src/Illuminate/Http/Middleware/HandleCors.php(48): Illuminate/Pipeline/Pipeline->Illuminate/Pipeline/{closure}(Object(Illuminate/Http/Request))
#49 E:/SQL_EXAM/SEM1_T2508M_Test/vendor/laravel/framework/src/Illuminate/Pipeline/Pipeline.php(219): Illuminate/Http/Middleware/HandleCors->handle(Object(Illuminate/Http/Request), Object(Closure))
#50 E:/SQL_EXAM/SEM1_T2508M_Test/vendor/laravel/framework/src/Illuminate/Http/Middleware/TrustProxies.php(58): Illuminate/Pipeline/Pipeline->Illuminate/Pipeline/{closure}(Object(Illuminate/Http/Request))
#51 E:/SQL_EXAM/SEM1_T2508M_Test/vendor/laravel/framework/src/Illuminate/Pipeline/Pipeline.php(219): Illuminate/Http/Middleware/TrustProxies->handle(Object(Illuminate/Http/Request), Object(Closure))
#52 E:/SQL_EXAM/SEM1_T2508M_Test/vendor/laravel/framework/src/Illuminate/Foundation/Http/Middleware/InvokeDeferredCallbacks.php(22): Illuminate/Pipeline/Pipeline->Illuminate/Pipeline/{closure}(Object(Illuminate/Http/Request))
#53 E:/SQL_EXAM/SEM1_T2508M_Test/vendor/laravel/framework/src/Illuminate/Pipeline/Pipeline.php(219): Illuminate/Foundation/Http/Middleware/InvokeDeferredCallbacks->handle(Object(Illuminate/Http/Request), Object(Closure))
#54 E:/SQL_EXAM/SEM1_T2508M_Test/vendor/laravel/framework/src/Illuminate/Http/Middleware/ValidatePathEncoding.php(26): Illuminate/Pipeline/Pipeline->Illuminate/Pipeline/{closure}(Object(Illuminate/Http/Request))
#55 E:/SQL_EXAM/SEM1_T2508M_Test/vendor/laravel/framework/src/Illuminate/Pipeline/Pipeline.php(219): Illuminate/Http/Middleware/ValidatePathEncoding->handle(Object(Illuminate/Http/Request), Object(Closure))
#56 E:/SQL_EXAM/SEM1_T2508M_Test/vendor/laravel/framework/src/Illuminate/Pipeline/Pipeline.php(137): Illuminate/Pipeline/Pipeline->Illuminate/Pipeline/{closure}(Object(Illuminate/Http/Request))
#57 E:/SQL_EXAM/SEM1_T2508M_Test/vendor/laravel/framework/src/Illuminate/Foundation/Http/Kernel.php(175): Illuminate/Pipeline/Pipeline->then(Object(Closure))
#58 E:/SQL_EXAM/SEM1_T2508M_Test/vendor/laravel/framework/src/Illuminate/Foundation/Http/Kernel.php(144): Illuminate/Foundation/Http/Kernel->sendRequestThroughRouter(Object(Illuminate/Http/Request))
#59 E:/SQL_EXAM/SEM1_T2508M_Test/vendor/laravel/framework/src/Illuminate/Foundation/Application.php(1220): Illuminate/Foundation/Http/Kernel->handle(Object(Illuminate/Http/Request))
#60 E:/SQL_EXAM/SEM1_T2508M_Test/public/index.php(20): Illuminate/Foundation/Application->handleRequest(Object(Illuminate/Http/Request))
#61 E:/SQL_EXAM/SEM1_T2508M_Test/vendor/laravel/framework/src/Illuminate/Foundation/resources/server.php(23): require_once('E://SQL_EXAM//SEM...')
#62 {main}
=======
[2026-01-09 04:10:49] local.ERROR: filemtime(): stat failed for E:\SQL_EXAM\SEM1_T2508M_Test\.env {"exception":"[object] (ErrorException(code: 0): filemtime(): stat failed for E:\\SQL_EXAM\\SEM1_T2508M_Test\\.env at E:/SQL_EXAM/SEM1_T2508M_Test/vendor/laravel/framework/src/Illuminate/Foundation/Console/ServeCommand.php:147)
[stacktrace]
#0 E:/SQL_EXAM/SEM1_T2508M_Test/vendor/laravel/framework/src/Illuminate/Foundation/Bootstrap/HandleExceptions.php(258): Illuminate/Foundation/Bootstrap/HandleExceptions->handleError(2, 'filemtime(): st...', 'E://SQL_EXAM//SEM...', 147)
#1 [internal function]: Illuminate/Foundation/Bootstrap/HandleExceptions->Illuminate/Foundation/Bootstrap/{closure}(2, 'filemtime(): st...', 'E://SQL_EXAM//SEM...', 147)
#2 E:/SQL_EXAM/SEM1_T2508M_Test/vendor/laravel/framework/src/Illuminate/Foundation/Console/ServeCommand.php(147): filemtime('E://SQL_EXAM//SEM...')
#3 E:/SQL_EXAM/SEM1_T2508M_Test/vendor/laravel/framework/src/Illuminate/Container/BoundMethod.php(36): Illuminate/Foundation/Console/ServeCommand->handle()
#4 E:/SQL_EXAM/SEM1_T2508M_Test/vendor/laravel/framework/src/Illuminate/Container/Util.php(43): Illuminate/Container/BoundMethod::Illuminate/Container/{closure}()
#5 E:/SQL_EXAM/SEM1_T2508M_Test/vendor/laravel/framework/src/Illuminate/Container/BoundMethod.php(96): Illuminate/Container/Util::unwrapIfClosure(Object(Closure))
#6 E:/SQL_EXAM/SEM1_T2508M_Test/vendor/laravel/framework/src/Illuminate/Container/BoundMethod.php(35): Illuminate/Container/BoundMethod::callBoundMethod(Object(Illuminate/Foundation/Application), Array, Object(Closure))
#7 E:/SQL_EXAM/SEM1_T2508M_Test/vendor/laravel/framework/src/Illuminate/Container/Container.php(799): Illuminate/Container/BoundMethod::call(Object(Illuminate/Foundation/Application), Array, Array, NULL)
#8 E:/SQL_EXAM/SEM1_T2508M_Test/vendor/laravel/framework/src/Illuminate/Console/Command.php(211): Illuminate/Container/Container->call(Array)
#9 E:/SQL_EXAM/SEM1_T2508M_Test/vendor/symfony/console/Command/Command.php(341): Illuminate/Console/Command->execute(Object(Symfony/Component/Console/Input/ArgvInput), Object(Illuminate/Console/OutputStyle))
#10 E:/SQL_EXAM/SEM1_T2508M_Test/vendor/laravel/framework/src/Illuminate/Console/Command.php(180): Symfony/Component/Console/Command/Command->run(Object(Symfony/Component/Console/Input/ArgvInput), Object(Illuminate/Console/OutputStyle))
#11 E:/SQL_EXAM/SEM1_T2508M_Test/vendor/symfony/console/Application.php(1102): Illuminate/Console/Command->run(Object(Symfony/Component/Console/Input/ArgvInput), Object(Symfony/Component/Console/Output/ConsoleOutput))
#12 E:/SQL_EXAM/SEM1_T2508M_Test/vendor/symfony/console/Application.php(356): Symfony/Component/Console/Application->doRunCommand(Object(Illuminate/Foundation/Console/ServeCommand), Object(Symfony/Component/Console/Input/ArgvInput), Object(Symfony/Component/Console/Output/ConsoleOutput))
#13 E:/SQL_EXAM/SEM1_T2508M_Test/vendor/symfony/console/Application.php(195): Symfony/Component/Console/Application->doRun(Object(Symfony/Component/Console/Input/ArgvInput), Object(Symfony/Component/Console/Output/ConsoleOutput))
#14 E:/SQL_EXAM/SEM1_T2508M_Test/vendor/laravel/framework/src/Illuminate/Foundation/Console/Kernel.php(198): Symfony/Component/Console/Application->run(Object(Symfony/Component/Console/Input/ArgvInput), Object(Symfony/Component/Console/Output/ConsoleOutput))
#15 E:/SQL_EXAM/SEM1_T2508M_Test/vendor/laravel/framework/src/Illuminate/Foundation/Application.php(1235): Illuminate/Foundation/Console/Kernel->handle(Object(Symfony/Component/Console/Input/ArgvInput), Object(Symfony/Component/Console/Output/ConsoleOutput))
#16 E:/SQL_EXAM/SEM1_T2508M_Test/artisan(16): Illuminate/Foundation/Application->handleCommand(Object(Symfony/Component/Console/Input/ArgvInput))
#17 {main}
>>>>>>> Stashed changes
"} 
